Time,N,Recur,Inicio,Fin,Max_Consumo_Memoria,PorCiento_Uso_Memoria,Promedio_PorCiento_Uso_Proc,Max_PorCiento_Uso_Proc,Promedio_Temp,Max_Temp,Promedio_Frecuencia_Proc,Max_Frecuencia,Tipo_Procesador_Intel(R) Core(TM) i7-3930K,Tipo_Procesador_Intel(R) Core(TM) i7-8700,Tipo_Memoria_DDR3,Tipo_Memoria_DDR4,Tipo_Disco_HDD,ESTRATEGIA_SECUENCIAL
-0.5827334511751205,-1.5631103459091977,-1.0135855282610857,2023-07-15 19:43:07.865,2023-07-15 19:43:08.719,86360.0,-1.1163015228574427,6.85,7.9,-1.8675565010921593,-1.414271989065779,0.3287040410812122,0.4769859455790436,0.0,1.0,0.0,1.0,1.0,1.0
-0.5832862049194215,-1.5631103459091977,-0.11695217633781768,2023-07-15 19:43:08.719,2023-07-15 19:43:09.508,102788.0,-1.1163015228574427,7.05,7.8,-1.1686585238372966,-1.2208278034636777,0.7400643523904588,0.471409034454522,0.0,1.0,0.0,1.0,1.0,1.0
-0.583773376863571,-1.5631103459091977,0.7796811755854502,2023-07-15 19:43:09.508,2023-07-15 19:43:10.238,106884.0,-1.1163015228574427,7.4,7.4,-1.329943913091413,-1.414271989065779,0.6003903880759661,0.12618781171366672,0.0,1.0,0.0,1.0,1.0,1.0
-0.5829516210747097,-1.5631103459091977,-1.0135855282610857,2023-07-15 19:43:10.238,2023-07-15 19:43:11.066,106696.0,-1.1163015228574427,8.15,8.4,-1.2761874928530157,-1.3175498962647283,0.6284828540681491,0.23506788030363407,0.0,1.0,0.0,1.0,1.0,1.0
-0.583915631871244,-1.5631103459091977,-0.11695217633781768,2023-07-15 19:43:11.066,2023-07-15 19:43:11.779,106696.0,-1.1163015228574427,7.9,7.9,-1.2761874928530157,-1.3175498962647283,0.5278829560882374,0.0283312637109567,0.0,1.0,0.0,1.0,1.0,1.0
-0.5840580368754102,-1.5631103459091977,0.7796811755854502,2023-07-15 19:43:11.779,2023-07-15 19:43:12.475,109468.0,-1.1163015228574427,7.4,7.4,-1.4912293023455294,-1.6077451941976706,0.5140365904391258,-0.0060162543363337356,0.0,1.0,0.0,1.0,1.0,1.0
-0.5647403551539393,-1.1246769562029593,-1.0135855282610857,2023-07-15 19:43:12.479,2023-07-15 19:43:15.493,194008.0,-0.9217944393292519,7.862499999999999,8.4,-1.2492971863296245,-1.2208278034636777,0.5420513302408168,0.546827636297357,0.0,1.0,0.0,1.0,1.0,1.0
-0.5685096253686689,-1.1246769562029593,-0.11695217633781768,2023-07-15 19:43:15.493,2023-07-15 19:43:18.054,215364.0,-0.9217944393292519,8.15,8.4,-1.1955367339564942,-1.3175498962647283,0.26894370433420767,0.030989417611429752,0.0,1.0,0.0,1.0,1.0,1.0
-0.5644059129725824,-1.1246769562029593,-1.0135855282610857,2023-07-15 19:43:18.054,2023-07-15 19:43:21.108,193712.0,-0.9217944393292519,7.875,8.4,-1.1283371765237677,-1.1240766911328364,0.6632847558610356,0.2934690851169692,0.0,1.0,0.0,1.0,1.0,1.0
-0.5684197024709009,-1.1246769562029593,-0.11695217633781768,2023-07-15 19:43:21.108,2023-07-15 19:43:23.681,230644.0,-0.9217944393292519,7.657142857142857,8.4,-1.1379405694153566,-1.2208278034636777,0.5426398285402575,0.30180839147139527,0.0,1.0,0.0,1.0,1.0,1.0
-0.5245753524711492,-0.686243566496721,-1.0135855282610857,2023-07-15 19:43:23.688,2023-07-15 19:43:31.522,321804.0,-0.7272873558010611,7.875000000000001,8.3,-1.39714750265887,-1.3175498962647283,0.6541075135122036,0.5434919137555863,0.0,1.0,0.0,1.0,1.0,1.0
-0.5389703659422149,-0.686243566496721,-0.11695217633781768,2023-07-15 19:43:31.522,2023-07-15 19:43:37.628,384784.0,-0.7272873558010611,7.562500000000001,8.4,-0.946889097545524,-0.9306325055307352,0.6315807979463384,0.366177412394616,0.0,1.0,0.0,1.0,1.0,1.0
-0.5425584903917992,-0.686243566496721,0.7796811755854502,2023-07-15 19:43:37.629,2023-07-15 19:43:43.304,401084.0,-0.7272873558010611,7.407692307692307,7.9,-0.9453402925623655,-0.9306325055307352,0.6279336459309365,0.5631153440208441,0.0,1.0,0.0,1.0,1.0,1.0
-0.5458516717366106,-0.686243566496721,1.6763145275087183,2023-07-15 19:43:43.304,2023-07-15 19:43:48.585,405172.0,-0.7272873558010611,6.623076923076923,7.4,-0.9784236478689081,-1.0273545983317858,0.6760350541041132,0.6844783118100907,0.0,1.0,0.0,1.0,1.0,1.0
-0.5256491273682674,-0.686243566496721,-1.0135855282610857,2023-07-15 19:43:48.585,2023-07-15 19:43:56.290,420484.0,-0.7272873558010611,7.935000000000002,8.4,-1.1686601366911862,-1.1240766911328364,0.6298819254970079,0.47881016884407374,0.0,1.0,0.0,1.0,1.0,1.0
-0.541620737314741,-0.686243566496721,-0.11695217633781768,2023-07-15 19:43:56.290,2023-07-15 19:44:02.078,420484.0,-0.7272873558010611,8.021428571428574,8.4,-0.7155203104968879,-0.8338813931998939,0.5532010729544855,0.28320131416808275,0.0,1.0,0.0,1.0,1.0,1.0
-0.5475585484996385,-0.686243566496721,0.7796811755854502,2023-07-15 19:44:02.078,2023-07-15 19:44:07.154,420484.0,-0.7272873558010611,8.025000000000002,8.4,-0.7564883354187619,-0.8338813931998939,0.5584349008224259,0.6130208804856078,0.0,1.0,0.0,1.0,1.0,1.0
-0.5466044208053888,-0.686243566496721,1.6763145275087183,2023-07-15 19:44:07.154,2023-07-15 19:44:12.344,424440.0,-0.7272873558010611,7.014285714285714,7.9,-0.715527222727857,-0.8338813931998939,0.594583131272048,0.4677605879244606,0.0,1.0,0.0,1.0,1.0,1.0
-0.40360473054175633,-0.24781017679048262,-1.0135855282610857,2023-07-15 19:44:12.356,2023-07-15 19:44:34.706,461200.0,-0.7272873558010611,7.9070175438596415,8.4,-1.0686813894773672,-0.9306325055307352,0.5122634982439869,0.6068185213845048,0.0,1.0,0.0,1.0,1.0,1.0
-0.49197901451356746,-0.24781017679048262,-0.11695217633781768,2023-07-15 19:44:34.706,2023-07-15 19:44:46.452,550240.0,-0.5327802722728703,7.7965517241379345,8.4,-0.44194660312730594,-0.5436860952669513,0.5323554665864617,0.34212372562857013,0.0,1.0,0.0,1.0,1.0,1.0
-0.40422524103536245,-0.24781017679048262,-1.0135855282610857,2023-07-15 19:44:46.452,2023-07-15 19:45:08.728,460860.0,-0.7272873558010611,7.924999999999996,8.4,-0.8274772723943931,-0.8338813931998939,0.5677509399399889,0.546853696629714,0.0,1.0,0.0,1.0,1.0,1.0
-0.4921056865522082,-0.24781017679048262,-0.11695217633781768,2023-07-15 19:45:08.728,2023-07-15 19:45:20.458,550288.0,-0.5327802722728703,7.725000000000003,8.4,-0.273908242295678,-0.3502419096648502,0.5384267517658223,0.3382146757749332,0.0,1.0,0.0,1.0,1.0,1.0
-0.11369974132043799,0.19062321291575574,-1.0135855282610857,2023-07-15 19:45:20.485,2023-07-15 19:46:17.626,643112.0,-0.33827318874467954,7.880722891566254,8.4,-0.8810633564276746,-0.8338813931998939,0.5819706187294954,0.6005901019510425,0.0,1.0,0.0,1.0,1.0,1.0
-0.4016454763455153,0.19062321291575574,-0.11695217633781768,2023-07-15 19:46:17.626,2023-07-15 19:46:40.211,765044.0,-0.33827318874467954,7.712820512820513,8.4,-0.09342673099931961,-0.15676870453295827,0.5508150293966413,0.34311401825815846,0.0,1.0,0.0,1.0,1.0,1.0
-0.43949540815040383,0.19062321291575574,0.7796811755854502,2023-07-15 19:46:40.211,2023-07-15 19:46:58.255,792592.0,-0.33827318874467954,7.17,7.9,-0.06116336715384255,-0.15676870453295827,0.5332571669737006,0.24520534959073212,0.0,1.0,0.0,1.0,1.0,1.0
-0.11359549375755425,0.19062321291575574,-1.0135855282610857,2023-07-15 19:46:58.255,2023-07-15 19:47:55.408,642708.0,-0.33827318874467954,7.959183673469375,8.4,-0.4774374019570755,-0.44696400246590073,0.5660596588241313,0.5292108516236327,0.0,1.0,0.0,1.0,1.0,1.0
-0.4002953829082162,0.19062321291575574,-0.11695217633781768,2023-07-15 19:47:55.408,2023-07-15 19:48:18.155,765048.0,-0.33827318874467954,7.725454545454543,8.4,0.18613639992798486,0.13342659339998422,0.5885895334971539,0.5481306529152359,0.0,1.0,0.0,1.0,1.0,1.0
-0.43578166163763227,0.19062321291575574,0.7796811755854502,2023-07-15 19:48:18.155,2023-07-15 19:48:36.645,801032.0,-0.14376610521648878,7.376744186046511,8.4,0.25164987035390113,0.13342659339998422,0.5826974797904029,0.5671807558686264,0.0,1.0,0.0,1.0,1.0,1.0
0.43354971499397543,0.6290566026219941,-1.0135855282610857,2023-07-15 19:48:36.696,2023-07-15 19:50:39.508,999960.0,0.05074097831170199,7.963669064748231,11.5,-0.0814337148753105,-0.06004661173190769,0.5867088211226243,0.9643402209981358,0.0,1.0,0.0,1.0,1.0,1.0
-0.31106825220772605,0.6290566026219941,-0.11695217633781768,2023-07-15 19:50:39.508,2023-07-15 19:51:12.963,1002344.0,0.05074097831170199,7.58,8.0,0.6377378358088058,0.5203439841339773,0.7205151051075195,0.8557728763964603,0.0,1.0,0.0,1.0,1.0,1.0
0.43471684604193195,0.6290566026219941,-1.0135855282610857,2023-07-15 19:51:12.963,2023-07-15 19:53:15.915,862712.0,-0.14376610521648878,7.952249134948125,8.9,0.24328601006842845,0.5203439841339773,0.5944232220259604,1.0632652426275073,0.0,1.0,0.0,1.0,1.0,1.0
-0.3026315661085938,0.6290566026219941,-0.11695217633781768,2023-07-15 19:53:15.915,2023-07-15 19:53:50.383,1023544.0,0.05074097831170199,7.922972972972963,8.4,0.9890806200406054,0.7138171892658692,0.5940255433881294,0.7585938970350468,0.0,1.0,0.0,1.0,1.0,1.0
1.0785307698567321,1.0674899923282324,-1.0135855282610857,2023-07-15 19:53:50.464,2023-07-15 19:57:10.675,1114572.0,0.05074097831170199,7.961431870669799,10.5,0.48193957663827064,0.8105392820669197,0.6212230329837147,0.9826085139807995,0.0,1.0,0.0,1.0,1.0,1.0
-0.12103451984680888,1.0674899923282324,-0.11695217633781768,2023-07-15 19:57:10.675,2023-07-15 19:58:06.935,1318980.0,0.4397551453680835,7.763199999999987,8.4,0.9267622855786756,0.9072903943977612,0.514773701214788,0.6138548111210507,0.0,1.0,0.0,1.0,1.0,1.0
-0.23143622219143273,1.0674899923282324,0.7796811755854502,2023-07-15 19:58:06.935,2023-07-15 19:58:49.946,1380460.0,0.4397551453680835,7.515384615384607,8.4,1.3351057287060475,1.1007345799998622,0.5389321550327293,0.5044274755515753,0.0,1.0,0.0,1.0,1.0,1.0
-0.2538311403061108,1.0674899923282324,1.6763145275087183,2023-07-15 19:58:49.946,2023-07-15 19:59:30.270,1396764.0,0.4397551453680835,7.263636363636354,7.9,1.3178259045419118,1.1007345799998622,0.5350009591045496,0.7492903583833904,0.0,1.0,0.0,1.0,1.0,1.0
-0.27782969593069395,1.0674899923282324,2.5729478794319864,2023-07-15 19:59:30.270,2023-07-15 20:00:07.714,1400848.0,0.4397551453680835,6.884146341463412,7.4,1.3240551593228558,1.1007345799998622,0.5731697012029274,0.6089815289701836,0.0,1.0,0.0,1.0,1.0,1.0
1.0695639461512418,1.0674899923282324,-1.0135855282610857,2023-07-15 20:00:07.714,2023-07-15 20:03:26.849,1641672.0,0.828769312424465,7.974212034384,8.4,0.6644815413075373,1.0040124871988116,0.5578050577892483,0.7588023796939072,0.0,1.0,0.0,1.0,1.0,1.0
-0.15363052447884978,1.0674899923282324,-0.11695217633781768,2023-07-15 20:03:26.849,2023-07-15 20:04:19.197,1641796.0,0.828769312424465,7.977333333333323,8.4,1.0721335809609274,1.0040124871988116,0.6064342285987544,0.7805106365477706,0.0,1.0,0.0,1.0,1.0,1.0
-0.25557894111240986,1.0674899923282324,0.7796811755854502,2023-07-15 20:04:19.197,2023-07-15 20:04:59.312,1641796.0,0.828769312424465,7.974509803921564,8.4,1.4393135705673061,1.1974856923307036,0.5533721389999849,0.5508669878127811,0.0,1.0,0.0,1.0,1.0,1.0
-0.2937686066416155,1.0674899923282324,1.6763145275087183,2023-07-15 20:04:59.312,2023-07-15 20:05:34.843,1641796.0,0.828769312424465,7.995180722891554,8.4,1.3808169334937674,1.1974856923307036,0.6122651038189241,0.8016455660897691,0.0,1.0,0.0,1.0,1.0,1.0
-0.28024427281566144,1.0674899923282324,2.5729478794319864,2023-07-15 20:05:34.843,2023-07-15 20:06:11.997,1645752.0,0.828769312424465,6.9134146341463385,7.4,1.380437777753099,1.1974856923307036,0.6178600941522413,0.7864263319929411,0.0,1.0,0.0,1.0,1.0,1.0
1.9764373201200125,1.5059233820344708,-1.0135855282610857,2023-07-15 20:06:12.111,2023-07-15 20:11:20.074,1398800.0,0.4397551453680835,7.966376306620239,8.4,0.6257117340614197,1.0040124871988116,0.5696420773488302,1.4869280657646775,0.0,1.0,0.0,1.0,1.0,1.0
0.144365925578999,1.5059233820344708,-0.11695217633781768,2023-07-15 20:11:20.074,2023-07-15 20:12:48.183,1651476.0,0.828769312424465,7.782644628099161,8.4,0.8245257774467508,0.9072903943977612,0.6124395993985141,0.9220703619141437,0.0,1.0,0.0,1.0,1.0,1.0
1.9945104309372619,1.5059233820344708,-1.0135855282610857,2023-07-15 20:12:48.183,2023-07-15 20:17:58.314,1580228.0,0.6342622288962743,7.94259520451338,9.3,0.5735558051682763,0.6170950964648186,0.5604156501284124,0.8426905895529566,0.0,1.0,0.0,1.0,1.0,1.0
0.1482691009966045,1.5059233820344708,-0.11695217633781768,2023-07-15 20:17:58.314,2023-07-15 20:19:26.891,1618584.0,0.828769312424465,7.840410958904104,8.4,0.7903323729099059,0.7138171892658692,0.5838929661174843,0.8245265378997231,0.0,1.0,0.0,1.0,1.0,1.0
-0.5828251490313933,-1.5631103459091977,-1.0135855282610857,2023-07-15 19:45:29.463,2023-07-15 19:45:30.307,86364.0,-1.1163015228574427,2.6,2.6,-2.78151241637846,-2.7685263859294404,0.34272806659430594,-0.20704565814270107,0.0,1.0,0.0,1.0,1.0,1.0
-0.583235931094731,-1.5631103459091977,-0.11695217633781768,2023-07-15 19:45:30.307,2023-07-15 19:45:31.102,102792.0,-1.1163015228574427,7.1,7.9,-1.4912293023455294,-1.6077451941976706,0.5214538897603822,0.02859186703453226,0.0,1.0,0.0,1.0,1.0,1.0
-0.5838022678548195,-1.5631103459091977,0.7796811755854502,2023-07-15 19:45:31.102,2023-07-15 19:45:31.828,106888.0,-1.1163015228574427,6.55,7.3,-1.4912293023455294,-1.6077451941976706,0.5099282060845379,0.01024539305479644,0.0,1.0,0.0,1.0,1.0,1.0
-0.5829933784318327,-1.5631103459091977,-1.0135855282610857,2023-07-15 19:45:31.828,2023-07-15 19:45:32.651,106700.0,-1.1163015228574427,8.350000000000001,8.4,-1.329943913091413,-1.414271989065779,0.6864221772093378,0.3746470204108293,0.0,1.0,0.0,1.0,1.0,1.0
-0.5839042488040257,-1.5631103459091977,-0.11695217633781768,2023-07-15 19:45:32.652,2023-07-15 19:45:33.366,106700.0,-1.1163015228574427,7.8,7.8,-1.5987582713612483,-1.6077451941976706,0.3636031006122126,-0.11195150536989432,0.0,1.0,0.0,1.0,1.0,1.0
-0.584048545430636,-1.5631103459091977,0.7796811755854502,2023-07-15 19:45:33.366,2023-07-15 19:45:34.063,110656.0,-1.1163015228574427,7.4,7.4,-1.4912293023455294,-1.6077451941976706,0.7199887877604721,0.23566726794785844,0.0,1.0,0.0,1.0,1.0,1.0
-0.5650910969542412,-1.1246769562029593,-1.0135855282610857,2023-07-15 19:45:34.067,2023-07-15 19:45:37.039,193732.0,-0.9217944393292519,7.971428571428571,8.4,-1.3837072455607795,-1.414271989065779,0.630397456352316,0.4391463429958384,0.0,1.0,0.0,1.0,1.0,1.0
-0.56852099176961,-1.1246769562029593,-0.11695217633781768,2023-07-15 19:45:37.039,2023-07-15 19:45:39.599,229448.0,-0.9217944393292519,7.449999999999999,7.9,-1.3299385369117724,-1.414271989065779,0.5735230348958251,0.5242593884756924,0.0,1.0,0.0,1.0,1.0,1.0
-0.5653104084938075,-1.1246769562029593,-1.0135855282610857,2023-07-15 19:45:39.599,2023-07-15 19:45:42.544,193904.0,-0.9217944393292519,7.933333333333333,8.4,-1.258257933747599,-1.3175498962647283,0.5310697298984197,0.17411276291925612,0.0,1.0,0.0,1.0,1.0,1.0
-0.568452085047189,-1.1246769562029593,-0.11695217633781768,2023-07-15 19:45:42.544,2023-07-15 19:45:45.113,229448.0,-0.9217944393292519,7.957142857142856,8.4,-1.2454626262001065,-1.2208278034636777,0.603164737201903,0.272751120892694,0.0,1.0,0.0,1.0,1.0,1.0
-0.5266266961811735,-0.686243566496721,-1.0135855282610857,2023-07-15 19:45:45.120,2023-07-15 19:45:52.708,322308.0,-0.7272873558010611,7.741666666666667,8.4,-1.518110200554552,-1.414271989065779,0.6594900522037886,0.5871169101221737,0.0,1.0,0.0,1.0,1.0,1.0
-0.5392269766097962,-0.686243566496721,-0.11695217633781768,2023-07-15 19:45:52.708,2023-07-15 19:45:58.783,384788.0,-0.7272873558010611,7.828571428571429,8.4,-1.1148997995219112,-1.1240766911328364,0.5656943683895175,0.3210669770836462,0.0,1.0,0.0,1.0,1.0,1.0
-0.542582739824892,-0.686243566496721,0.7796811755854502,2023-07-15 19:45:58.783,2023-07-15 19:46:04.456,401088.0,-0.7272873558010611,7.300000000000001,7.9,-1.0521782157179744,-1.1240766911328364,0.6370012744213766,0.2988635739149885,0.0,1.0,0.0,1.0,1.0,1.0
-0.5457256080170819,-0.686243566496721,1.6763145275087183,2023-07-15 19:46:04.456,2023-07-15 19:46:09.752,405176.0,-0.7272873558010611,6.823076923076922,7.4,-1.0694084579176737,-1.1240766911328364,0.5788226514153214,0.47834108286163773,0.0,1.0,0.0,1.0,1.0,1.0
-0.526961513353764,-0.686243566496721,-1.0135855282610857,2023-07-15 19:46:09.752,2023-07-15 19:46:17.299,420488.0,-0.7272873558010611,7.98888888888889,8.4,-1.2702038049116893,-1.1240766911328364,0.5882083499026324,0.31621975526513607,0.0,1.0,0.0,1.0,1.0,1.0
-0.5416777443153555,-0.686243566496721,-0.11695217633781768,2023-07-15 19:46:17.299,2023-07-15 19:46:23.081,420488.0,-0.7272873558010611,7.978571428571429,8.4,-0.9305667281433803,-0.9306325055307352,0.5709321618794228,0.7241421376583272,0.0,1.0,0.0,1.0,1.0,1.0
-0.5484830102207574,-0.686243566496721,0.7796811755854502,2023-07-15 19:46:23.081,2023-07-15 19:46:28.046,420488.0,-0.7272873558010611,7.85,7.9,-0.6848023560749479,-0.7371593003988433,0.4473919339628098,0.0689072011917071,0.0,1.0,0.0,1.0,1.0,1.0
-0.5475614984306746,-0.686243566496721,1.6763145275087183,2023-07-15 19:46:28.046,2023-07-15 19:46:33.121,424444.0,-0.7272873558010611,5.8,5.8,-0.953600585805859,-1.1240766911328364,0.8397759510504592,0.376236700684642,0.0,1.0,0.0,1.0,1.0,1.0
-0.4095743743157998,-0.24781017679048262,-1.0135855282610857,2023-07-15 19:46:33.132,2023-07-15 19:46:54.767,461028.0,-0.7272873558010611,7.994117647058825,8.4,-1.1876313780390788,-1.2208278034636777,0.5945321846934056,0.5125322389147816,0.0,1.0,0.0,1.0,1.0,1.0
-0.4922681160882378,-0.24781017679048262,-0.11695217633781768,2023-07-15 19:46:54.767,2023-07-15 19:47:06.477,548924.0,-0.5327802722728703,7.760000000000003,8.4,-0.6482434743219379,-0.6404372075977927,0.5618546311292504,0.5153988754741151,0.0,1.0,0.0,1.0,1.0,1.0
-0.40916860046871256,-0.24781017679048262,-1.0135855282610857,2023-07-15 19:47:06.478,2023-07-15 19:47:28.160,433928.0,-0.7272873558010611,7.612499999999999,8.4,-1.034259408971841,-1.0273545983317858,0.5713346725087545,0.5022644679658952,0.0,1.0,0.0,1.0,1.0,1.0
-0.49366641673187434,-0.24781017679048262,-0.11695217633781768,2023-07-15 19:47:28.160,2023-07-15 19:47:39.703,550316.0,-0.5327802722728703,7.781818181818182,8.3,-0.3964416748583238,-0.5436860952669513,0.614040924102276,0.537680459639846,0.0,1.0,0.0,1.0,1.0,1.0
-0.10726337512417286,0.19062321291575574,-1.0135855282610857,2023-07-15 19:47:39.731,2023-07-15 19:48:37.643,642816.0,-0.33827318874467954,7.88524590163933,8.4,-1.0346969947410485,-0.7371593003988433,0.6456761786507034,0.800029825483597,0.0,1.0,0.0,1.0,1.0,1.0
-0.4051052954613089,0.19062321291575574,-0.11695217633781768,2023-07-15 19:48:37.643,2023-07-15 19:48:59.814,765684.0,-0.33827318874467954,7.731372549019604,8.4,-0.12294224915208084,-0.2534907973340088,0.592894056241688,0.5582420618699758,0.0,1.0,0.0,1.0,1.0,1.0
-0.4362109016027915,0.19062321291575574,0.7796811755854502,2023-07-15 19:48:59.814,2023-07-15 19:49:18.252,801036.0,-0.14376610521648878,7.400000000000001,8.4,-0.0729447272208884,-0.06004661173190769,0.5838759519695497,0.8643467257421038,0.0,1.0,0.0,1.0,1.0,1.0
-0.11043789257646126,0.19062321291575574,-1.0135855282610857,2023-07-15 19:49:18.252,2023-07-15 19:50:15.783,683920.0,-0.33827318874467954,7.986821705426339,8.4,-0.6293729437484752,-0.5436860952669513,0.6048794844355864,0.6191450585896399,0.0,1.0,0.0,1.0,1.0,1.0
-0.4052026848511908,0.19062321291575574,-0.11695217633781768,2023-07-15 19:50:15.783,2023-07-15 19:50:37.942,765036.0,-0.33827318874467954,7.751020408163262,8.4,0.24012063652678167,0.13342659339998422,0.6200736960419804,0.8153011802451401,0.0,1.0,0.0,1.0,1.0,1.0
-0.4362642003567647,0.19062321291575574,0.7796811755854502,2023-07-15 19:50:37.942,2023-07-15 19:50:56.373,801036.0,-0.14376610521648878,7.695454545454543,8.4,0.3000179605571769,0.2301486862010348,0.6831405168808969,0.7071247406288274,0.0,1.0,0.0,1.0,1.0,1.0
0.4237172281927627,0.6290566026219941,-1.0135855282610857,2023-07-15 19:50:56.426,2023-07-15 19:52:58.058,862528.0,-0.14376610521648878,7.923364485981323,8.4,-0.13814241140709688,0.03670450059893365,0.6018704026671504,0.5636886713327103,0.0,1.0,0.0,1.0,1.0,1.0
-0.3062724643244246,0.6290566026219941,-0.11695217633781768,2023-07-15 19:52:58.058,2023-07-15 19:53:32.088,1031192.0,0.05074097831170199,7.892405063291129,8.4,0.645635103438092,0.5203439841339773,0.6441938049669342,0.7681319786779204,0.0,1.0,0.0,1.0,1.0,1.0
0.4309090433946864,0.6290566026219941,-1.0135855282610857,2023-07-15 19:53:32.088,2023-07-15 19:55:34.583,862812.0,-0.14376610521648878,7.932222222222245,8.4,0.12082927402063602,0.2301486862010348,0.5579179188432294,0.8873840595462044,0.0,1.0,0.0,1.0,1.0,1.0
-0.30715378538742605,0.6290566026219941,-0.11695217633781768,2023-07-15 19:55:34.583,2023-07-15 19:56:08.508,1023304.0,0.05074097831170199,7.814666666666658,8.4,0.8413161249746962,0.6170950964648186,0.5547251407876456,0.5247024141257715,0.0,1.0,0.0,1.0,1.0,1.0
1.0677150810409735,1.0674899923282324,-1.0135855282610857,2023-07-15 19:56:08.591,2023-07-15 19:59:27.504,1114588.0,0.05074097831170199,7.941411764705938,8.4,0.17601791694882607,0.4236218913329267,0.59140369899448,0.6228195654520582,0.0,1.0,0.0,1.0,1.0,1.0
-0.12272610530065271,1.0674899923282324,-0.11695217633781768,2023-07-15 19:59:27.504,2023-07-15 20:00:23.561,1318308.0,0.4397551453680835,7.732231404958664,8.4,0.6645735918813247,0.6170950964648186,0.5635482655491237,0.7810057828625648,0.0,1.0,0.0,1.0,1.0,1.0
-0.23116705348410194,1.0674899923282324,0.7796811755854502,2023-07-15 20:00:23.561,2023-07-15 20:01:06.605,1380464.0,0.4397551453680835,7.634090909090901,8.4,1.067341630760799,0.9072903943977612,0.5808854043443664,0.60783487434645,0.0,1.0,0.0,1.0,1.0,1.0
-0.2538329819297237,1.0674899923282324,1.6763145275087183,2023-07-15 20:01:06.605,2023-07-15 20:01:46.928,1396768.0,0.4397551453680835,7.27407407407407,7.9,1.0203091685327415,0.8105392820669197,0.6212392391972533,0.603430678178019,0.0,1.0,0.0,1.0,1.0,1.0
-0.27784172898271664,1.0674899923282324,2.5729478794319864,2023-07-15 20:01:46.928,2023-07-15 20:02:24.371,1400852.0,0.4397551453680835,6.733750000000003,7.4,1.0409509057306254,0.8105392820669197,0.5828656304618128,0.5643401796416498,0.0,1.0,0.0,1.0,1.0,1.0
1.0547722669534911,1.0674899923282324,-1.0135855282610857,2023-07-15 20:02:24.371,2023-07-15 20:05:41.731,1641676.0,0.828769312424465,7.971631205673786,8.4,0.3168482001132329,0.2301486862010348,0.5583177602871076,0.7650568594597265,0.0,1.0,0.0,1.0,1.0,1.0
-0.14588238894933858,1.0674899923282324,-0.11695217633781768,2023-07-15 20:05:41.731,2023-07-15 20:06:35.009,1641800.0,0.828769312424465,7.976229508196706,8.4,0.7826302838600496,0.8105392820669197,0.5223740440763961,0.7671938067130484,0.0,1.0,0.0,1.0,1.0,1.0
-0.2504903350746582,1.0674899923282324,0.7796811755854502,2023-07-15 20:06:35.009,2023-07-15 20:07:15.734,1641800.0,0.828769312424465,7.967368421052619,8.4,1.175352630872762,1.0040124871988116,0.6022512582696926,0.9032026812872543,0.0,1.0,0.0,1.0,1.0,1.0
-0.2935262873065958,1.0674899923282324,1.6763145275087183,2023-07-15 20:07:15.734,2023-07-15 20:07:51.294,1641800.0,0.828769312424465,7.958024691358016,8.4,1.1437617842941963,1.0040124871988116,0.5405191509972005,0.6010591879334796,0.0,1.0,0.0,1.0,1.0,1.0
-0.28172987141843236,1.0674899923282324,2.5729478794319864,2023-07-15 20:07:51.294,2023-07-15 20:08:28.270,1645756.0,0.828769312424465,6.912500000000002,7.4,1.0788860805116383,1.0040124871988116,0.6106863323808107,0.594283501520508,0.0,1.0,0.0,1.0,1.0,1.0
1.9648922233564703,1.5059233820344708,-1.0135855282610857,2023-07-15 20:08:28.381,2023-07-15 20:13:34.958,1398584.0,0.4397551453680835,7.967755102040881,8.4,0.31143892907025544,0.3268997985318761,0.5712655007313486,0.8347421881838945,0.0,1.0,0.0,1.0,1.0,1.0
0.15233117269950733,1.5059233820344708,-0.11695217633781768,2023-07-15 20:13:34.958,2023-07-15 20:15:04.023,1686600.0,0.828769312424465,7.875121951219526,8.4,0.6429836234253404,0.7138171892658692,0.5277874639113518,0.571923736357705,0.0,1.0,0.0,1.0,1.0,1.0
1.9793571018608869,1.5059233820344708,-1.0135855282610857,2023-07-15 20:15:04.023,2023-07-15 20:20:12.335,1521240.0,0.6342622288962743,7.96953748006381,8.5,0.3515931695384932,0.5203439841339773,0.5789198428692418,0.827184691800195,0.0,1.0,0.0,1.0,1.0,1.0
0.14859433505989716,1.5059233820344708,-0.11695217633781768,2023-07-15 20:20:12.335,2023-07-15 20:21:40.951,1618248.0,0.828769312424465,7.832885906040262,8.4,0.5408938614633313,0.6170950964648186,0.5962908718102297,0.5982707323712182,0.0,1.0,0.0,1.0,1.0,1.0
-0.5828008079337768,-1.5631103459091977,-1.0135855282610857,2023-07-15 19:53:59.828,2023-07-15 19:54:00.674,86368.0,-1.1163015228574427,7.65,7.9,-1.6525146915996456,-1.414271989065779,0.6841348064605678,0.21145721918766724,0.0,1.0,0.0,1.0,1.0,1.0
-0.5832366560777823,-1.5631103459091977,-0.11695217633781768,2023-07-15 19:54:00.674,2023-07-15 19:54:01.469,102796.0,-1.1163015228574427,7.4,7.4,-1.3837164618687345,-1.5110231013966202,0.6992914136065475,0.36643801571819157,0.0,1.0,0.0,1.0,1.0,1.0
-0.5837838932843831,-1.5631103459091977,0.7796811755854502,2023-07-15 19:54:01.469,2023-07-15 19:54:02.197,106892.0,-1.1163015228574427,7.3,7.3,-1.1686585238372966,-1.3175498962647283,0.6535439986311354,0.30850589688729246,0.0,1.0,0.0,1.0,1.0,1.0
-0.5830124029870737,-1.5631103459091977,-1.0135855282610857,2023-07-15 19:54:02.197,2023-07-15 19:54:03.019,106704.0,-1.1163015228574427,7.9,7.9,-1.1686585238372966,-1.3175498962647283,0.5616494339863509,0.04985709823831669,0.0,1.0,0.0,1.0,1.0,1.0
-0.5838818409945458,-1.5631103459091977,-0.11695217633781768,2023-07-15 19:54:03.019,2023-07-15 19:54:03.735,106704.0,-1.1163015228574427,7.8,7.8,-1.2761713643140915,-1.414271989065779,0.6505237809434381,0.30775014724892275,0.0,1.0,0.0,1.0,1.0,1.0
-0.5840951693406548,-1.5631103459091977,0.7796811755854502,2023-07-15 19:54:03.735,2023-07-15 19:54:04.427,110660.0,-1.1163015228574427,6.8,6.8,-1.1686585238372966,-1.3175498962647283,0.5496129782015579,0.03573239810050845,0.0,1.0,0.0,1.0,1.0,1.0
-0.5649882076929363,-1.1246769562029593,-1.0135855282610857,2023-07-15 19:54:04.431,2023-07-15 19:54:07.415,194060.0,-0.9217944393292519,7.714285714285714,8.4,-1.1993764782592369,-1.3175498962647283,0.526320501034466,0.2597209547139043,0.0,1.0,0.0,1.0,1.0,1.0
-0.568539249676107,-1.1246769562029593,-0.11695217633781768,2023-07-15 19:54:07.415,2023-07-15 19:54:09.973,229452.0,-0.9217944393292519,7.779999999999999,7.9,-1.211663660028012,-1.3175498962647283,0.5458821210579344,0.2765559294169007,0.0,1.0,0.0,1.0,1.0,1.0
-0.5649751913305682,-1.1246769562029593,-1.0135855282610857,2023-07-15 19:54:09.973,2023-07-15 19:54:12.959,189644.0,-0.9217944393292519,7.833333333333333,8.4,-1.2045015135092039,-1.2208278034636777,0.5614125541677073,0.5434919137555863,0.0,1.0,0.0,1.0,1.0,1.0
-0.5685217250857998,-1.1246769562029593,-0.11695217633781768,2023-07-15 19:54:12.959,2023-07-15 19:54:15.519,229452.0,-0.9217944393292519,7.540000000000001,8.4,-1.0826418000402902,-1.1240766911328364,0.6339525571304999,0.5628808010296255,0.0,1.0,0.0,1.0,1.0,1.0
-0.5244844129304816,-0.686243566496721,-1.0135855282610857,2023-07-15 19:54:15.526,2023-07-15 19:54:23.371,323196.0,-0.7272873558010611,7.977777777777779,8.4,-1.3060521707632369,-1.3175498962647283,0.48999205509781596,0.287266726015865,0.0,1.0,0.0,1.0,1.0,1.0
-0.5393167245116552,-0.686243566496721,-0.11695217633781768,2023-07-15 19:54:23.371,2023-07-15 19:54:29.436,384792.0,-0.7272873558010611,7.707142857142857,8.4,-0.9612938988732799,-0.9306325055307352,0.5422083688705863,0.552117883765945,0.0,1.0,0.0,1.0,1.0,1.0
-0.5426162473748803,-0.686243566496721,0.7796811755854502,2023-07-15 19:54:29.436,2023-07-15 19:54:35.104,401092.0,-0.7272873558010611,7.053846153846153,7.9,-0.87090088213739,-0.9306325055307352,0.5355368505168145,0.3261487418933737,0.0,1.0,0.0,1.0,1.0,1.0
-0.54612940691034,-0.686243566496721,1.6763145275087183,2023-07-15 19:54:35.104,2023-07-15 19:54:40.352,405180.0,-0.7272873558010611,6.75,7.4,-0.8998522298369271,-0.9306325055307352,0.5225476082980222,0.30574350165738917,0.0,1.0,0.0,1.0,1.0,1.0
-0.5263634856678844,-0.686243566496721,-1.0135855282610857,2023-07-15 19:54:40.352,2023-07-15 19:54:47.971,420492.0,-0.7272873558010611,7.970588235294119,8.4,-1.137031407742152,-0.9306325055307352,0.567569687689051,0.5308787128945175,0.0,1.0,0.0,1.0,1.0,1.0
-0.5417924083013891,-0.686243566496721,-0.11695217633781768,2023-07-15 19:54:47.971,2023-07-15 19:54:53.739,420492.0,-0.7272873558010611,8.035714285714286,8.4,-0.6540820975760173,-0.6404372075977927,0.5262047048731197,0.2811946685765492,0.0,1.0,0.0,1.0,1.0,1.0
-0.5477629853869469,-0.686243566496721,0.7796811755854502,2023-07-15 19:54:53.739,2023-07-15 19:54:58.790,420492.0,-0.7272873558010611,7.992307692307694,8.4,-0.7881887719005195,-0.8338813931998939,0.4460406940357924,0.2706402339717302,0.0,1.0,0.0,1.0,1.0,1.0
-0.546551705371112,-0.686243566496721,1.6763145275087183,2023-07-15 19:54:58.790,2023-07-15 19:55:03.987,424448.0,-0.7272873558010611,7.023076923076922,7.8,-0.763378116405872,-0.8338813931998939,0.47583630314711084,0.04256020517819516,0.0,1.0,0.0,1.0,1.0,1.0
-0.4068663626241316,-0.24781017679048262,-1.0135855282610857,2023-07-15 19:55:03.998,2023-07-15 19:55:25.957,460760.0,-0.7272873558010611,7.907547169811318,8.4,-1.0753394062389743,-0.9306325055307352,0.5358464337885028,0.49061549940205773,0.0,1.0,0.0,1.0,1.0,1.0
-0.49241632928995244,-0.24781017679048262,-0.11695217633781768,2023-07-15 19:55:25.957,2023-07-15 19:55:37.650,548508.0,-0.5327802722728703,7.6217391304347855,8.4,-0.3645667095067885,-0.44696400246590073,0.5872276266860913,0.8270283298060509,0.0,1.0,0.0,1.0,1.0,1.0
-0.40695573553475733,-0.24781017679048262,-1.0135855282610857,2023-07-15 19:55:37.650,2023-07-15 19:55:59.599,513584.0,-0.5327802722728703,7.931914893617023,8.4,-0.8026237350478952,-0.6404372075977927,0.5168659182729708,0.8680472929368803,0.0,1.0,0.0,1.0,1.0,1.0
-0.49236015560318996,-0.24781017679048262,-0.11695217633781768,2023-07-15 19:55:59.599,2023-07-15 19:56:11.298,548884.0,-0.5327802722728703,7.692307692307695,8.4,-0.16373144572747161,-0.2534907973340088,0.5616366219769283,0.5516227374511508,0.0,1.0,0.0,1.0,1.0,1.0
-0.09924485424910695,0.19062321291575574,-1.0135855282610857,2023-07-15 19:56:11.328,2023-07-15 19:57:10.203,642928.0,-0.33827318874467954,7.94919354838708,8.4,-0.8261448069478007,-0.6404372075977927,0.5801566846759213,0.7844718070661226,0.0,1.0,0.0,1.0,1.0,1.0
-0.4013325003289855,0.19062321291575574,-0.11695217633781768,2023-07-15 19:57:10.203,2023-07-15 19:57:32.826,765512.0,-0.33827318874467954,7.821999999999996,8.4,0.03775683292505267,-0.06004661173190769,0.5982073924972826,0.9799764204126834,0.0,1.0,0.0,1.0,1.0,1.0
-0.43605039702176,0.19062321291575574,0.7796811755854502,2023-07-15 19:57:32.826,2023-07-15 19:57:51.283,801040.0,-0.14376610521648878,7.1974358974358985,8.4,0.11059763219801463,0.03670450059893365,0.5884925867042471,0.4741193090197101,0.0,1.0,0.0,1.0,1.0,1.0
-0.10795597559911452,0.19062321291575574,-1.0135855282610857,2023-07-15 19:57:51.283,2023-07-15 19:58:49.112,643104.0,-0.33827318874467954,7.927067669172916,8.4,-0.45641690913388544,-0.15676870453295827,0.5553653841922073,0.5640274556533591,0.0,1.0,0.0,1.0,1.0,1.0
-0.40153447894043043,0.19062321291575574,-0.11695217633781768,2023-07-15 19:58:49.112,2023-07-15 19:59:11.711,765624.0,-0.33827318874467954,7.706122448979591,8.4,0.37397763499202535,0.2301486862010348,0.5912433977575476,0.5376283389751308,0.0,1.0,0.0,1.0,1.0,1.0
-0.43693850125951667,0.19062321291575574,0.7796811755854502,2023-07-15 19:59:11.711,2023-07-15 19:59:30.062,801040.0,-0.14376610521648878,7.408333333333336,8.4,0.4382197450320031,0.3268997985318761,0.5510145171285289,0.5436482757497316,0.0,1.0,0.0,1.0,1.0,1.0
0.4248324021220476,0.6290566026219941,-1.0135855282610857,2023-07-15 19:59:30.112,2023-07-15 20:01:31.878,862684.0,-0.14376610521648878,7.951792828685279,8.4,-0.032592900610042476,-0.06004661173190769,0.6218425069857219,0.8742757123703426,0.0,1.0,0.0,1.0,1.0,1.0
-0.3028114869023767,0.6290566026219941,-0.11695217633781768,2023-07-15 20:01:31.878,2023-07-15 20:02:06.324,1022768.0,0.05074097831170199,7.7857142857142785,8.4,0.7374394363686192,0.6170950964648186,0.5686967047272683,0.5564438989373027,0.0,1.0,0.0,1.0,1.0,1.0
0.4212235364906874,0.6290566026219941,-1.0135855282610857,2023-07-15 20:02:06.324,2023-07-15 20:04:07.656,862496.0,-0.14376610521648878,7.945263157894749,8.5,0.2585755794672629,0.2301486862010348,0.557957147734248,0.8157442058952191,0.0,1.0,0.0,1.0,1.0,1.0
-0.3056546204351448,0.6290566026219941,-0.11695217633781768,2023-07-15 20:04:07.656,2023-07-15 20:04:41.761,1021556.0,0.05074097831170199,7.766037735849052,8.4,0.8742862911782263,0.7138171892658692,0.5910726729219452,0.5006487273597255,0.0,1.0,0.0,1.0,1.0,1.0
1.0761350508642349,1.0674899923282324,-1.0135855282610857,2023-07-15 20:04:41.839,2023-07-15 20:08:01.763,1114584.0,0.05074097831170199,7.949877149877203,8.4,0.3200294749497658,1.1974856923307036,0.576686519040185,0.7998995238218111,0.0,1.0,0.0,1.0,1.0,1.0
-0.13831044096755327,1.0674899923282324,-0.11695217633781768,2023-07-15 20:08:01.763,2023-07-15 20:08:55.950,1271676.0,0.24524806183989276,7.687499999999996,8.4,0.7566858103837142,0.8105392820669197,0.5530731816461484,0.754346062860761,0.0,1.0,0.0,1.0,1.0,1.0
-0.231470063066962,1.0674899923282324,0.7796811755854502,2023-07-15 20:08:55.950,2023-07-15 20:09:38.957,1380468.0,0.4397551453680835,7.562068965517233,8.4,1.1548388153920242,1.0040124871988116,0.5990519405231012,0.5734352356344444,0.0,1.0,0.0,1.0,1.0,1.0
-0.251838053567479,1.0674899923282324,1.6763145275087183,2023-07-15 20:09:38.957,2023-07-15 20:10:19.520,1396772.0,0.4397551453680835,7.036274509803911,7.9,1.0440068764558061,0.9072903943977612,0.5411253652879814,0.5548542186634913,0.0,1.0,0.0,1.0,1.0,1.0
-0.2794437498637488,1.0674899923282324,2.5729478794319864,2023-07-15 20:10:19.520,2023-07-15 20:10:56.770,1370232.0,0.4397551453680835,6.824050632911392,7.8,1.0689210536628455,1.0040124871988116,0.5825371178363435,0.61354208713276,0.0,1.0,0.0,1.0,1.0,1.0
1.0613586463093911,1.0674899923282324,-1.0135855282610857,2023-07-15 20:10:56.770,2023-07-15 20:14:14.921,1641680.0,0.828769312424465,7.954952076677357,8.4,0.3421693231943932,0.2301486862010348,0.5668323625262441,0.793410501064772,0.0,1.0,0.0,1.0,1.0,1.0
-0.13954812036621905,1.0674899923282324,-0.11695217633781768,2023-07-15 20:14:14.921,2023-07-15 20:15:08.959,1641804.0,0.828769312424465,7.973228346456676,8.4,0.7811591537520353,0.7138171892658692,0.5920332925549362,0.7599490343176408,0.0,1.0,0.0,1.0,1.0,1.0
-0.25030065617566855,1.0674899923282324,0.7796811755854502,2023-07-15 20:15:08.959,2023-07-15 20:15:49.707,1641804.0,0.828769312424465,7.985858585858573,8.4,1.1469001698887318,1.0040124871988116,0.6218523501672462,0.7674022893719088,0.0,1.0,0.0,1.0,1.0,1.0
-0.2931097470445409,1.0674899923282324,1.6763145275087183,2023-07-15 20:15:49.707,2023-07-15 20:16:25.317,1641804.0,0.828769312424465,7.980722891566256,8.4,1.1320857153020034,1.0040124871988116,0.5837474849293518,0.7767579486882802,0.0,1.0,0.0,1.0,1.0,1.0
-0.280130092151662,1.0674899923282324,2.5729478794319864,2023-07-15 20:16:25.317,2023-07-15 20:17:02.485,1645760.0,0.828769312424465,6.865853658536581,7.4,1.0906488446792633,0.9072903943977612,0.5485684140317761,0.5334847461302754,0.0,1.0,0.0,1.0,1.0,1.0
1.9812781069513217,1.5059233820344708,-1.0135855282610857,2023-07-15 20:17:02.596,2023-07-15 20:22:11.139,1503148.0,0.6342622288962743,7.943275862068999,8.4,0.3568794632885878,0.8105392820669197,0.5769407410033397,0.8312240433156203,0.0,1.0,0.0,1.0,1.0,1.0
0.14456926249202268,1.5059233820344708,-0.11695217633781768,2023-07-15 20:22:11.139,2023-07-15 20:23:39.273,1651732.0,0.828769312424465,7.790076335877847,8.4,0.5648528452862581,0.6170950964648186,0.5525569106423142,0.49178821435814835,0.0,1.0,0.0,1.0,1.0,1.0
2.0080802636995347,1.5059233820344708,-1.0135855282610857,2023-07-15 20:23:39.273,2023-07-15 20:28:51.032,1423720.0,0.4397551453680835,7.970468948035442,8.8,0.29946775419309557,0.6170950964648186,0.5613223732101302,1.067356714807649,0.0,1.0,0.0,1.0,1.0,1.0
0.1370532465359828,1.5059233820344708,-0.11695217633781768,2023-07-15 20:28:51.032,2023-07-15 20:30:18.263,1647720.0,0.828769312424465,7.877391304347812,8.4,0.6124931661864228,0.5203439841339773,0.5424382232163497,0.8422215035705195,0.0,1.0,0.0,1.0,1.0,1.0
-0.5805612686234194,-1.5631103459091977,-1.0135855282610857,2023-07-15 19:57:20.481,2023-07-15 19:57:21.597,86408.0,-0.9217944393292519,7.8,7.8,-1.20091560168812,-0.9112764791586088,-1.8763213607336533,-2.6102773874939595,1.0,0.0,1.0,0.0,1.0,1.0
-0.5830330191717719,-1.5631103459091977,-0.11695217633781768,2023-07-15 19:57:21.597,2023-07-15 19:57:22.416,102836.0,-0.9217944393292519,7.7,7.7,-1.0396302124340038,-1.2014717770915513,-1.8117086889516334,-2.7352627414809105,1.0,0.0,1.0,0.0,1.0,1.0
-0.583644971532118,-1.5631103459091977,0.7796811755854502,2023-07-15 19:57:22.416,2023-07-15 19:57:23.161,106932.0,-0.9217944393292519,6.95,7.2,-0.3944886554175385,-0.3308858832927238,-1.5699469252963794,-2.0646261485909627,1.0,0.0,1.0,0.0,1.0,1.0
-0.5809315349672733,-1.5631103459091977,-1.0135855282610857,2023-07-15 19:57:23.161,2023-07-15 19:57:24.232,106744.0,-0.9217944393292519,7.949999999999999,8.2,-0.0719178769093059,-0.3308858832927238,-1.4467731208492316,-2.2268256571845364,1.0,0.0,1.0,0.0,1.0,1.0
-0.5837047534678598,-1.5631103459091977,-0.11695217633781768,2023-07-15 19:57:24.232,2023-07-15 19:57:24.970,106744.0,-0.9217944393292519,7.7,7.7,0.25065290159892667,-0.04069058535978127,-1.8089993760259055,-2.7320833809332865,1.0,0.0,1.0,0.0,1.0,1.0
-0.5839331397952742,-1.5631103459091977,0.7796811755854502,2023-07-15 19:57:24.970,2023-07-15 19:57:25.681,110700.0,-0.9217944393292519,7.7,7.7,-0.0719178769093059,-0.3308858832927238,-1.4177479405711422,-2.2729524454574515,1.0,0.0,1.0,0.0,1.0,1.0
-0.43118336080411357,-1.1246769562029593,-1.0135855282610857,2023-07-15 19:57:25.689,2023-07-15 19:57:44.730,194292.0,-0.7272873558010611,7.994736842105266,8.3,-0.3435564272320276,-0.04069058535978127,-1.7631888450461832,-1.3723855401765803,1.0,0.0,1.0,0.0,1.0,1.0
-0.5677714842917161,-1.1246769562029593,-0.11695217633781768,2023-07-15 19:57:44.730,2023-07-15 19:57:47.380,229492.0,-0.7272873558010611,7.883333333333333,8.3,0.6269854765251949,0.5397000105061037,-1.8929547654989858,-2.5229752740960687,1.0,0.0,1.0,0.0,1.0,1.0
-0.4317663638412417,-1.1246769562029593,-1.0135855282610857,2023-07-15 19:57:47.380,2023-07-15 19:58:06.351,194256.0,-0.7272873558010611,7.995000000000003,8.4,0.07323897341939876,-0.04069058535978127,-1.521592907004103,-1.2752326211475236,1.0,0.0,1.0,0.0,1.0,1.0
-0.567773100920589,-1.1246769562029593,-0.11695217633781768,2023-07-15 19:58:06.351,2023-07-15 19:58:09.001,229492.0,-0.7272873558010611,8.016666666666666,8.3,0.842032662197354,0.8298953084390462,-1.864629120935326,-2.0059122197893355,1.0,0.0,1.0,0.0,1.0,1.0
-0.17841211179759234,-0.686243566496721,-1.0135855282610857,2023-07-15 19:58:09.017,2023-07-15 19:58:58.391,323584.0,-0.33827318874467954,8.028155339805819,8.3,0.2287306156808908,0.24950471257316123,-1.7630238492348465,-1.6104727365954261,1.0,0.0,1.0,0.0,1.0,1.0
-0.5237651214128608,-0.686243566496721,-0.11695217633781768,2023-07-15 19:58:58.391,2023-07-15 19:59:06.322,384832.0,-0.33827318874467954,7.81764705882353,8.3,1.2183652371236244,1.1200906063719887,-1.7848271839440952,-2.033171327435364,1.0,0.0,1.0,0.0,1.0,1.0
-0.5404379566326443,-0.686243566496721,0.7796811755854502,2023-07-15 19:59:06.322,2023-07-15 19:59:12.252,401132.0,-0.14376610521648878,7.290909090909093,7.7,1.3649883182637306,1.4102859043049312,-1.8035363352084535,-1.5776888384895902,1.0,0.0,1.0,0.0,1.0,1.0
-0.5443987640362533,-0.686243566496721,1.6763145275087183,2023-07-15 19:59:12.252,2023-07-15 19:59:17.707,420404.0,-0.14376610521648878,6.627272727272728,7.7,1.3649883182637306,1.1200906063719887,-1.9039626110485635,-2.3339596835065457,1.0,0.0,1.0,0.0,1.0,1.0
-0.17963527486895647,-0.686243566496721,-1.0135855282610857,2023-07-15 19:59:17.707,2023-07-15 20:00:06.935,420532.0,-0.14376610521648878,8.034408602150537,8.3,0.4275465543292489,0.5397000105061037,-1.914758812555634,-1.6427875487188237,1.0,0.0,1.0,0.0,1.0,1.0
-0.5262437967993233,-0.686243566496721,-0.11695217633781768,2023-07-15 20:00:06.935,2023-07-15 20:00:14.569,420532.0,-0.14376610521648878,8.018749999999999,8.3,1.3594899527209763,1.1200906063719887,-1.604257486527937,-1.1242651158000665,1.0,0.0,1.0,0.0,1.0,1.0
-0.5459572192691036,-0.686243566496721,0.7796811755854502,2023-07-15 20:00:14.569,2023-07-15 20:00:19.837,420532.0,-0.14376610521648878,8.110000000000001,8.3,1.540936015631857,1.4102859043049312,-1.8265654950771437,-2.416492756083,1.0,0.0,1.0,0.0,1.0,1.0
-0.5451933371272627,-0.686243566496721,1.6763145275087183,2023-07-15 20:00:19.837,2023-07-15 20:00:25.196,424488.0,-0.14376610521648878,7.100000000000001,7.7,1.6215787102589152,1.4102859043049312,-1.8174197133292276,-2.398928092073991,1.0,0.0,1.0,0.0,1.0,1.0
0.23247154083179064,-0.24781017679048262,-1.0135855282610857,2023-07-15 20:00:25.221,2023-07-15 20:02:03.902,519192.0,0.05074097831170199,7.971323529411764,8.3,0.6420071549361217,0.8298953084390462,-1.884492081573674,-1.3618571659041183,1.0,0.0,1.0,0.0,1.0,1.0
-0.08156765084293754,-0.24781017679048262,-0.11695217633781768,2023-07-15 20:02:03.902,2023-07-15 20:03:04.898,550472.0,0.24524806183989276,8.014912280701742,8.4,0.8957944586153919,0.8298953084390462,-1.675549935432716,-1.5697925577852443,1.0,0.0,1.0,0.0,1.0,1.0
0.2350811214912619,-0.24781017679048262,-1.0135855282610857,2023-07-15 20:03:04.898,2023-07-15 20:04:43.893,461248.0,-0.14376610521648878,8.048427672955969,8.3,0.9525993755853961,0.8298953084390462,-1.7360033794122265,-1.0935399839504805,1.0,0.0,1.0,0.0,1.0,1.0
-0.07998392953409507,-0.24781017679048262,-0.11695217633781768,2023-07-15 20:04:43.893,2023-07-15 20:05:45.079,550544.0,0.24524806183989276,7.982835820895508,8.4,1.0281929124807117,1.1200906063719887,-1.8651811591880523,-1.6261349963423308,1.0,0.0,1.0,0.0,1.0,1.0
0.878718424435133,0.19062321291575574,-1.0135855282610857,2023-07-15 20:05:45.125,2023-07-15 20:08:41.358,643156.0,0.4397551453680835,8.02413793103448,8.3,0.5894027787157259,0.8298953084390462,-1.6940767653673778,-1.3591990120036452,1.0,0.0,1.0,0.0,1.0,1.0
0.5579089410373709,0.19062321291575574,-0.11695217633781768,2023-07-15 20:08:41.358,2023-07-15 20:10:59.093,761132.0,0.6342622288962743,7.978947368421031,8.7,0.5256869338006823,0.5397000105061037,-1.692283156990041,-1.1685676808079515,1.0,0.0,1.0,0.0,1.0,1.0
-0.43185693672381426,0.19062321291575574,0.7796811755854502,2023-07-15 20:10:59.093,2023-07-15 20:11:18.053,801080.0,0.828769312424465,7.51111111111111,8.3,1.4513330216017915,1.4102859043049312,-1.647446105962386,-1.8899437407981072,1.0,0.0,1.0,0.0,1.0,1.0
0.8807464436904402,0.19062321291575574,-1.0135855282610857,2023-07-15 20:11:18.053,2023-07-15 20:14:14.530,643228.0,0.4397551453680835,8.01468354430379,8.3,0.7292009426263303,0.8298953084390462,-1.7276189020403019,-1.3315229390398948,1.0,0.0,1.0,0.0,1.0,1.0
0.5655835449525827,0.19062321291575574,-0.11695217633781768,2023-07-15 20:14:14.530,2023-07-15 20:16:33.186,765928.0,0.6342622288962743,8.01428571428572,8.4,0.9429233061247085,1.1200906063719887,-1.725858957917509,-1.5725028323504324,1.0,0.0,1.0,0.0,1.0,1.0
-0.430250057623025,0.19062321291575574,0.7796811755854502,2023-07-15 20:16:33.186,2023-07-15 20:16:52.339,798264.0,0.828769312424465,7.35121951219512,8.3,1.942182593776243,1.7004812022378737,-1.7323743517028325,-1.9259330597839244,1.0,0.0,1.0,0.0,1.0,1.0
1.9620506064549126,0.6290566026219941,-1.0135855282610857,2023-07-15 20:16:52.414,2023-07-15 20:21:58.649,862788.0,1.0232763959526558,8.008955223880609,8.3,0.5608435649405329,0.8298953084390462,-1.7069743637266275,-1.3623001915541972,1.0,0.0,1.0,0.0,1.0,1.0
1.3420138767730536,0.6290566026219941,-0.11695217633781768,2023-07-15 20:21:58.649,2023-07-15 20:25:50.479,1023776.0,1.4122905630090372,8.001839464883021,8.4,0.7161689247638173,1.1200906063719887,-1.7083327813244802,-1.317450359566803,1.0,0.0,1.0,0.0,1.0,1.0
1.919209433002739,0.6290566026219941,-1.0135855282610857,2023-07-15 20:25:50.479,2023-07-15 20:30:51.574,862900.0,1.0232763959526558,8.013487475915234,8.3,0.6633446105189,0.8298953084390462,-1.7238875928500181,-0.9441621588768347,1.0,0.0,1.0,0.0,1.0,1.0
1.3392830489481182,0.6290566026219941,-0.11695217633781768,2023-07-15 20:30:51.574,2023-07-15 20:34:43.076,1023908.0,1.4122905630090372,8.00070671378099,8.4,0.4677897684039384,0.5397000105061037,-1.7267501568675958,-1.2244670937149589,1.0,0.0,1.0,0.0,1.0,1.0
3.2676233095668024,1.0674899923282324,-1.0135855282610857,2023-07-15 20:34:43.183,2023-07-15 20:42:26.091,1114740.0,1.606797646537228,8.023047977422411,8.3,0.7659164781812217,0.8298953084390462,-1.7167113649772607,-1.094321793921207,1.0,0.0,1.0,0.0,1.0,1.0
2.297274844528894,1.0674899923282324,-0.11695217633781768,2023-07-15 20:42:26.091,2023-07-15 20:48:12.555,1319436.0,2.1903188971218004,8.007462686567242,8.3,0.664698975505017,0.8298953084390462,-1.7604881388483082,-0.8163883493276235,1.0,0.0,1.0,0.0,1.0,1.0
-0.11841155616687456,1.0674899923282324,0.7796811755854502,2023-07-15 20:48:12.555,2023-07-15 20:49:09.129,1380508.0,2.1903188971218004,7.684962406015033,8.3,1.805298533356649,1.7004812022378737,-1.7273599932665118,-1.4406636109534379,1.0,0.0,1.0,0.0,1.0,1.0
-0.2360274731897636,1.0674899923282324,1.6763145275087183,2023-07-15 20:49:09.129,2023-07-15 20:49:51.590,1396812.0,2.3848259806499907,7.240816326530617,8.3,1.9951683363883508,1.9906765001708162,-1.657043540578801,-1.5517848681261572,1.0,0.0,1.0,0.0,1.0,1.0
-0.2635836456438097,1.0674899923282324,2.5729478794319864,2023-07-15 20:49:51.590,2023-07-15 20:50:30.743,1400896.0,2.3848259806499907,6.97666666666667,7.7,2.082138099573448,1.9906765001708162,-1.623156548058667,-1.535888065388033,1.0,0.0,1.0,0.0,1.0,1.0
3.26795381017364,1.0674899923282324,-1.0135855282610857,2023-07-15 20:50:30.743,2023-07-15 20:58:13.691,1641720.0,2.968347231234563,8.046112600536183,8.8,0.5978705090280285,1.1200906063719887,-1.7121630510392332,-1.1746918589119824,1.0,0.0,1.0,0.0,1.0,1.0
2.2699910573736477,1.0674899923282324,-0.11695217633781768,2023-07-15 20:58:13.691,2023-07-15 21:03:56.881,1641844.0,2.968347231234563,8.042460317460364,8.4,0.8004312721119666,0.8298953084390462,-1.7494002638429678,-1.1409176681765594,1.0,0.0,1.0,0.0,1.0,1.0
-0.14588795548586986,1.0674899923282324,0.7796811755854502,2023-07-15 21:03:56.881,2023-07-15 21:04:50.158,1641844.0,2.968347231234563,8.060869565217393,8.3,1.5689856485456157,1.4102859043049312,-1.6108806269463403,-1.479675928492735,1.0,0.0,1.0,0.0,1.0,1.0
-0.2775909265126837,1.0674899923282324,1.6763145275087183,2023-07-15 21:04:50.158,2023-07-15 21:05:27.631,1641844.0,2.968347231234563,8.024418604651164,8.5,1.5296835466141292,1.4102859043049312,-1.7111945221851557,-1.5546775650178477,1.0,0.0,1.0,0.0,1.0,1.0
-0.265609006627929,1.0674899923282324,2.5729478794319864,2023-07-15 21:05:27.631,2023-07-15 21:06:06.542,1645800.0,2.968347231234563,7.0098901098901125,8.1,1.3814229932926212,1.4102859043049312,-1.64499174524531,-1.7465076715019903,1.0,0.0,1.0,0.0,1.0,1.0
5.090444037038062,1.5059233820344708,-1.0135855282610857,2023-07-15 21:06:06.688,2023-07-15 21:17:28.340,1533784.0,2.5793330641781815,8.02432634730539,8.8,0.5109308201856604,1.1200906063719887,-1.6846739739574352,-1.0105378253915902,1.0,0.0,1.0,0.0,1.0,1.0
3.5760600572163663,1.5059233820344708,-0.11695217633781768,2023-07-15 21:17:28.340,2023-07-15 21:25:48.262,1651872.0,2.968347231234563,8.009727272727302,8.3,0.4702942771468042,1.1200906063719887,-1.6989953761640362,-1.1478497165836763,1.0,0.0,1.0,0.0,1.0,1.0
5.145729269571027,1.5059233820344708,-1.0135855282610857,2023-07-15 21:25:48.262,2023-07-15 21:37:16.548,1397908.0,2.3848259806499907,8.022027716994861,8.3,0.5304024680805383,0.8298953084390462,-1.7192170653547794,-1.0768613712416293,1.0,0.0,1.0,0.0,1.0,1.0
3.581813131053416,1.5059233820344708,-0.11695217633781768,2023-07-15 21:37:16.548,2023-07-15 21:45:37.160,1651188.0,2.968347231234563,8.015638575152064,8.7,0.8136804376745462,1.4102859043049312,-1.7596159535909943,-1.3302720430867323,1.0,0.0,1.0,0.0,1.0,1.0
