Time,N,Recur,Inicio,Fin,Max_Consumo_Memoria,PorCiento_Uso_Memoria,Promedio_PorCiento_Uso_Proc,Max_PorCiento_Uso_Proc,Promedio_Temp,Max_Temp,Promedio_Frecuencia_Proc,Max_Frecuencia,Tipo_Procesador,ESTRATEGIA,Tipo_Memoria,Tipo_Disco
0.85469,1000,1,2023-07-15 19:43:07.865,2023-07-15 19:43:08.719,86360.0,0.0,6.85,7.9,42433.35,44266.7,3707.185,3975.98,Intel(R) Core(TM) i7-8700,SECUENCIAL,DDR4,HDD
0.788358,1000,2,2023-07-15 19:43:08.719,2023-07-15 19:43:09.508,102788.0,0.0,7.05,7.8,44600.0,44933.3,3892.42,3973.84,Intel(R) Core(TM) i7-8700,SECUENCIAL,DDR4,HDD
0.729896,1000,3,2023-07-15 19:43:09.508,2023-07-15 19:43:10.238,106884.0,0.0,7.4,7.4,44100.0,44266.7,3829.525,3841.37,Intel(R) Core(TM) i7-8700,SECUENCIAL,DDR4,HDD
0.828509,1000,1,2023-07-15 19:43:10.238,2023-07-15 19:43:11.066,106696.0,0.0,8.15,8.4,44266.65,44600.0,3842.175,3883.15,Intel(R) Core(TM) i7-8700,SECUENCIAL,DDR4,HDD
0.712825,1000,2,2023-07-15 19:43:11.066,2023-07-15 19:43:11.779,106696.0,0.0,7.9,7.9,44266.65,44600.0,3796.875,3803.82,Intel(R) Core(TM) i7-8700,SECUENCIAL,DDR4,HDD
0.695736,1000,3,2023-07-15 19:43:11.779,2023-07-15 19:43:12.475,109468.0,0.0,7.4,7.4,43600.0,43600.0,3790.64,3790.64,Intel(R) Core(TM) i7-8700,SECUENCIAL,DDR4,HDD
3.013912,1500,1,2023-07-15 19:43:12.479,2023-07-15 19:43:15.493,194008.0,1.0,7.862499999999999,8.4,44350.0125,44933.3,3803.255,4002.78,Intel(R) Core(TM) i7-8700,SECUENCIAL,DDR4,HDD
2.561589,1500,2,2023-07-15 19:43:15.493,2023-07-15 19:43:18.054,215364.0,1.0,8.15,8.4,44516.675,44600.0,3680.275000000001,3804.84,Intel(R) Core(TM) i7-8700,SECUENCIAL,DDR4,HDD
3.054046,1500,1,2023-07-15 19:43:18.054,2023-07-15 19:43:21.108,193712.0,1.0,7.875,8.4,44725.0,45266.7,3857.846250000001,3905.56,Intel(R) Core(TM) i7-8700,SECUENCIAL,DDR4,HDD
2.57238,1500,2,2023-07-15 19:43:21.108,2023-07-15 19:43:23.681,230644.0,1.0,7.657142857142857,8.4,44695.22857142857,44933.3,3803.52,3908.76,Intel(R) Core(TM) i7-8700,SECUENCIAL,DDR4,HDD
7.833825,2000,1,2023-07-15 19:43:23.688,2023-07-15 19:43:31.522,321804.0,2.0,7.875000000000001,8.3,43891.662500000006,44600.0,3853.71375,4001.5,Intel(R) Core(TM) i7-8700,SECUENCIAL,DDR4,HDD
6.106383,2000,2,2023-07-15 19:43:31.522,2023-07-15 19:43:37.628,384784.0,2.0,7.562500000000001,8.4,45287.50624999999,45933.3,3843.57,3933.46,Intel(R) Core(TM) i7-8700,SECUENCIAL,DDR4,HDD
5.675798,2000,3,2023-07-15 19:43:37.629,2023-07-15 19:43:43.304,401084.0,2.0,7.407692307692307,7.9,45292.307692307695,45933.3,3841.927692307693,4009.03,Intel(R) Core(TM) i7-8700,SECUENCIAL,DDR4,HDD
5.280607,2000,4,2023-07-15 19:43:43.304,2023-07-15 19:43:48.585,405172.0,2.0,6.623076923076923,7.4,45189.74615384615,45600.0,3863.5876923076935,4055.6,Intel(R) Core(TM) i7-8700,SECUENCIAL,DDR4,HDD
7.704969,2000,1,2023-07-15 19:43:48.585,2023-07-15 19:43:56.290,420484.0,2.0,7.935000000000002,8.4,44599.99500000001,45266.7,3842.805,3976.68,Intel(R) Core(TM) i7-8700,SECUENCIAL,DDR4,HDD
5.788331,2000,2,2023-07-15 19:43:56.290,2023-07-15 19:44:02.078,420484.0,2.0,8.021428571428574,8.4,46004.77142857143,46266.7,3808.275714285715,3901.62,Intel(R) Core(TM) i7-8700,SECUENCIAL,DDR4,HDD
5.075777,2000,3,2023-07-15 19:44:02.078,2023-07-15 19:44:07.154,420484.0,2.0,8.025000000000002,8.4,45877.76666666666,46266.7,3810.632500000001,4028.18,Intel(R) Core(TM) i7-8700,SECUENCIAL,DDR4,HDD
5.190275,2000,4,2023-07-15 19:44:07.154,2023-07-15 19:44:12.344,424440.0,2.0,7.014285714285714,7.9,46004.75,46266.7,3826.91,3972.44,Intel(R) Core(TM) i7-8700,SECUENCIAL,DDR4,HDD
22.350639,2500,1,2023-07-15 19:44:12.356,2023-07-15 19:44:34.706,461200.0,2.0,7.9070175438596415,8.4,44909.93859649124,45933.3,3789.841578947368,4025.8,Intel(R) Core(TM) i7-8700,SECUENCIAL,DDR4,HDD
11.745477,2500,2,2023-07-15 19:44:34.706,2023-07-15 19:44:46.452,550240.0,3.0,7.7965517241379345,8.4,46852.87586206896,47266.7,3798.8889655172416,3924.23,Intel(R) Core(TM) i7-8700,SECUENCIAL,DDR4,HDD
22.276176,2500,1,2023-07-15 19:44:46.452,2023-07-15 19:45:08.728,460860.0,2.0,7.924999999999996,8.4,45657.69423076925,46266.7,3814.8275,4002.79,Intel(R) Core(TM) i7-8700,SECUENCIAL,DDR4,HDD
11.730276,2500,2,2023-07-15 19:45:08.728,2023-07-15 19:45:20.458,550288.0,3.0,7.725000000000003,8.4,47373.81071428571,47933.3,3801.622857142857,3922.73,Intel(R) Core(TM) i7-8700,SECUENCIAL,DDR4,HDD
57.140051,3000,1,2023-07-15 19:45:20.485,2023-07-15 19:46:17.626,643112.0,4.0,7.880722891566254,8.4,45491.57228915663,46266.7,3821.2306024096392,4023.41,Intel(R) Core(TM) i7-8700,SECUENCIAL,DDR4,HDD
22.585755,3000,2,2023-07-15 19:46:17.626,2023-07-15 19:46:40.211,765044.0,4.0,7.712820512820513,8.4,47933.32051282052,48600.0,3807.2012820512814,3924.61,Intel(R) Core(TM) i7-8700,SECUENCIAL,DDR4,HDD
18.043657,3000,3,2023-07-15 19:46:40.211,2023-07-15 19:46:58.255,792592.0,4.0,7.17,7.9,48033.34,48600.0,3799.295000000001,3887.04,Intel(R) Core(TM) i7-8700,SECUENCIAL,DDR4,HDD
57.152561,3000,1,2023-07-15 19:46:58.255,2023-07-15 19:47:55.408,642708.0,4.0,7.959183673469375,8.4,46742.85102040816,47600.0,3814.065918367346,3996.02,Intel(R) Core(TM) i7-8700,SECUENCIAL,DDR4,HDD
22.74777,3000,2,2023-07-15 19:47:55.408,2023-07-15 19:48:18.155,765048.0,4.0,7.725454545454543,8.4,48799.99272727274,49600.0,3824.211090909089,4003.28,Intel(R) Core(TM) i7-8700,SECUENCIAL,DDR4,HDD
18.489317,3000,3,2023-07-15 19:48:18.155,2023-07-15 19:48:36.645,801032.0,5.0,7.376744186046511,8.4,49003.09069767443,49600.0,3821.557906976744,4010.59,Intel(R) Core(TM) i7-8700,SECUENCIAL,DDR4,HDD
122.811521,3500,1,2023-07-15 19:48:36.696,2023-07-15 19:50:39.508,999960.0,6.0,7.963669064748231,11.5,47970.49999999996,48933.3,3823.364208633093,4162.99,Intel(R) Core(TM) i7-8700,SECUENCIAL,DDR4,HDD
33.455276,3500,2,2023-07-15 19:50:39.508,2023-07-15 19:51:12.963,1002344.0,6.0,7.58,8.0,50200.0,50933.3,3883.617,4121.33,Intel(R) Core(TM) i7-8700,SECUENCIAL,DDR4,HDD
122.95158,3500,1,2023-07-15 19:51:12.963,2023-07-15 19:53:15.915,862712.0,5.0,7.952249134948125,8.9,48977.16193771622,50933.3,3826.837993079583,4200.95,Intel(R) Core(TM) i7-8700,SECUENCIAL,DDR4,HDD
34.467702,3500,2,2023-07-15 19:53:15.915,2023-07-15 19:53:50.383,1023544.0,6.0,7.922972972972963,8.4,51289.19594594596,51600.0,3826.658918918918,4084.04,Intel(R) Core(TM) i7-8700,SECUENCIAL,DDR4,HDD
200.211057,4000,1,2023-07-15 19:53:50.464,2023-07-15 19:57:10.675,1114572.0,6.0,7.961431870669799,10.5,49717.010623556656,51933.3,3838.905912240184,4170.0,Intel(R) Core(TM) i7-8700,SECUENCIAL,DDR4,HDD
56.259857,4000,2,2023-07-15 19:57:10.675,2023-07-15 19:58:06.935,1318980.0,8.0,7.763199999999987,8.4,51096.00320000001,52266.7,3790.97192,4028.5,Intel(R) Core(TM) i7-8700,SECUENCIAL,DDR4,HDD
43.011343,4000,3,2023-07-15 19:58:06.935,2023-07-15 19:58:49.946,1380460.0,8.0,7.515384615384607,8.4,52361.90659340658,52933.3,3801.85043956044,3986.51,Intel(R) Core(TM) i7-8700,SECUENCIAL,DDR4,HDD
40.32389,4000,4,2023-07-15 19:58:49.946,2023-07-15 19:59:30.270,1396764.0,8.0,7.263636363636354,7.9,52308.337500000016,52933.3,3800.0802272727287,4080.47,Intel(R) Core(TM) i7-8700,SECUENCIAL,DDR4,HDD
37.443996,4000,5,2023-07-15 19:59:30.270,2023-07-15 20:00:07.714,1400848.0,8.0,6.884146341463412,7.4,52327.64878048783,52933.3,3817.2675609756097,4026.63,Intel(R) Core(TM) i7-8700,SECUENCIAL,DDR4,HDD
199.135013,4000,1,2023-07-15 20:00:07.714,2023-07-15 20:03:26.849,1641672.0,10.0,7.974212034384,8.4,50282.90802292263,52600.0,3810.348882521496,4084.12,Intel(R) Core(TM) i7-8700,SECUENCIAL,DDR4,HDD
52.348245,4000,2,2023-07-15 20:03:26.849,2023-07-15 20:04:19.197,1641796.0,10.0,7.977333333333323,8.4,51546.66799999999,52600.0,3832.246533333334,4092.45,Intel(R) Core(TM) i7-8700,SECUENCIAL,DDR4,HDD
40.114149,4000,3,2023-07-15 20:04:19.197,2023-07-15 20:04:59.312,1641796.0,10.0,7.974509803921564,8.4,52684.960784313706,53266.7,3808.352745098039,4004.33,Intel(R) Core(TM) i7-8700,SECUENCIAL,DDR4,HDD
35.531282,4000,4,2023-07-15 20:04:59.312,2023-07-15 20:05:34.843,1641796.0,10.0,7.995180722891554,8.4,52503.6156626506,53266.7,3834.872168674698,4100.56,Intel(R) Core(TM) i7-8700,SECUENCIAL,DDR4,HDD
37.15424,4000,5,2023-07-15 20:05:34.843,2023-07-15 20:06:11.997,1645752.0,10.0,6.9134146341463385,7.4,52502.440243902434,53266.7,3837.391585365855,4094.72,Intel(R) Core(TM) i7-8700,SECUENCIAL,DDR4,HDD
307.962362,4500,1,2023-07-15 20:06:12.111,2023-07-15 20:11:20.074,1398800.0,8.0,7.966376306620239,8.4,50162.717944250864,52600.0,3815.679076655054,4363.52,Intel(R) Core(TM) i7-8700,SECUENCIAL,DDR4,HDD
88.108655,4500,2,2023-07-15 20:11:20.074,2023-07-15 20:12:48.183,1651476.0,10.0,7.782644628099161,8.4,50779.06033057851,52266.7,3834.950743801653,4146.77,Intel(R) Core(TM) i7-8700,SECUENCIAL,DDR4,HDD
310.131186,4500,1,2023-07-15 20:12:48.183,2023-07-15 20:17:58.314,1580228.0,9.0,7.94259520451338,9.3,50001.02961918204,51266.7,3811.524428772922,4116.31,Intel(R) Core(TM) i7-8700,SECUENCIAL,DDR4,HDD
88.577047,4500,2,2023-07-15 20:17:58.314,2023-07-15 20:19:26.891,1618584.0,10.0,7.840410958904104,8.4,50673.05753424657,51600.0,3822.0962328767127,4109.34,Intel(R) Core(TM) i7-8700,SECUENCIAL,DDR4,HDD
0.843686,1000,1,2023-07-15 19:45:29.463,2023-07-15 19:45:30.307,86364.0,0.0,2.6,2.6,39600.0,39600.0,3713.5,3713.5,Intel(R) Core(TM) i7-8700,SECUENCIAL,DDR4,HDD
0.794391,1000,2,2023-07-15 19:45:30.307,2023-07-15 19:45:31.102,102792.0,0.0,7.1,7.9,43600.0,43600.0,3793.98,3803.92,Intel(R) Core(TM) i7-8700,SECUENCIAL,DDR4,HDD
0.726429,1000,3,2023-07-15 19:45:31.102,2023-07-15 19:45:31.828,106888.0,0.0,6.55,7.3,43600.0,43600.0,3788.79,3796.88,Intel(R) Core(TM) i7-8700,SECUENCIAL,DDR4,HDD
0.823498,1000,1,2023-07-15 19:45:31.828,2023-07-15 19:45:32.651,106700.0,0.0,8.350000000000001,8.4,44100.0,44266.7,3868.265,3936.71,Intel(R) Core(TM) i7-8700,SECUENCIAL,DDR4,HDD
0.714191,1000,2,2023-07-15 19:45:32.652,2023-07-15 19:45:33.366,106700.0,0.0,7.8,7.8,43266.65,43600.0,3722.9,3749.99,Intel(R) Core(TM) i7-8700,SECUENCIAL,DDR4,HDD
0.696875,1000,3,2023-07-15 19:45:33.366,2023-07-15 19:45:34.063,110656.0,0.0,7.4,7.4,43600.0,43600.0,3883.38,3883.38,Intel(R) Core(TM) i7-8700,SECUENCIAL,DDR4,HDD
2.971822,1500,1,2023-07-15 19:45:34.067,2023-07-15 19:45:37.039,193732.0,1.0,7.971428571428571,8.4,43933.32857142857,44266.7,3843.037142857144,3961.46,Intel(R) Core(TM) i7-8700,SECUENCIAL,DDR4,HDD
2.560225,1500,2,2023-07-15 19:45:37.039,2023-07-15 19:45:39.599,229448.0,1.0,7.449999999999999,7.9,44100.01666666666,44266.7,3817.426666666666,3994.12,Intel(R) Core(TM) i7-8700,SECUENCIAL,DDR4,HDD
2.945504,1500,1,2023-07-15 19:45:39.599,2023-07-15 19:45:42.544,193904.0,1.0,7.933333333333333,8.4,44322.23333333334,44600.0,3798.310000000001,3859.76,Intel(R) Core(TM) i7-8700,SECUENCIAL,DDR4,HDD
2.568494,1500,2,2023-07-15 19:45:42.544,2023-07-15 19:45:45.113,229448.0,1.0,7.957142857142856,8.4,44361.9,44933.3,3830.774285714286,3897.61,Intel(R) Core(TM) i7-8700,SECUENCIAL,DDR4,HDD
7.587658,2000,1,2023-07-15 19:45:45.120,2023-07-15 19:45:52.708,322308.0,2.0,7.741666666666667,8.4,43516.66666666666,44266.7,3856.1375,4018.24,Intel(R) Core(TM) i7-8700,SECUENCIAL,DDR4,HDD
6.075589,2000,2,2023-07-15 19:45:52.708,2023-07-15 19:45:58.783,384788.0,2.0,7.828571428571429,8.4,44766.65714285714,45266.7,3813.901428571429,3916.15,Intel(R) Core(TM) i7-8700,SECUENCIAL,DDR4,HDD
5.672888,2000,3,2023-07-15 19:45:58.783,2023-07-15 19:46:04.456,401088.0,2.0,7.300000000000001,7.9,44961.1,45266.7,3846.010833333333,3907.63,Intel(R) Core(TM) i7-8700,SECUENCIAL,DDR4,HDD
5.295735,2000,4,2023-07-15 19:46:04.456,2023-07-15 19:46:09.752,405176.0,2.0,6.823076923076922,7.4,44907.68461538462,45266.7,3819.813076923077,3976.5,Intel(R) Core(TM) i7-8700,SECUENCIAL,DDR4,HDD
7.547479,2000,1,2023-07-15 19:46:09.752,2023-07-15 19:46:17.299,420488.0,2.0,7.98888888888889,8.4,44285.2,45266.7,3824.0394444444446,3914.29,Intel(R) Core(TM) i7-8700,SECUENCIAL,DDR4,HDD
5.78149,2000,2,2023-07-15 19:46:17.299,2023-07-15 19:46:23.081,420488.0,2.0,7.978571428571429,8.4,45338.107142857145,45933.3,3816.260000000001,4070.82,Intel(R) Core(TM) i7-8700,SECUENCIAL,DDR4,HDD
4.964839,2000,3,2023-07-15 19:46:23.081,2023-07-15 19:46:28.046,420488.0,2.0,7.85,7.9,46100.0,46600.0,3760.63,3819.39,Intel(R) Core(TM) i7-8700,SECUENCIAL,DDR4,HDD
5.075423,2000,4,2023-07-15 19:46:28.046,2023-07-15 19:46:33.121,424444.0,2.0,5.8,5.8,45266.7,45266.7,3937.32,3937.32,Intel(R) Core(TM) i7-8700,SECUENCIAL,DDR4,HDD
21.634265,2500,1,2023-07-15 19:46:33.132,2023-07-15 19:46:54.767,461028.0,2.0,7.994117647058825,8.4,44541.18235294119,44933.3,3826.887058823529,3989.62,Intel(R) Core(TM) i7-8700,SECUENCIAL,DDR4,HDD
11.710784,2500,2,2023-07-15 19:46:54.767,2023-07-15 19:47:06.477,548924.0,3.0,7.760000000000003,8.4,46213.336,46933.3,3812.1724,3990.72,Intel(R) Core(TM) i7-8700,SECUENCIAL,DDR4,HDD
21.682959,2500,1,2023-07-15 19:47:06.478,2023-07-15 19:47:28.160,433928.0,2.0,7.612499999999999,8.4,45016.65,45600.0,3816.44125,3985.68,Intel(R) Core(TM) i7-8700,SECUENCIAL,DDR4,HDD
11.542984,2500,2,2023-07-15 19:47:28.160,2023-07-15 19:47:39.703,550316.0,3.0,7.781818181818182,8.3,46993.94545454546,47266.7,3835.671818181817,3999.27,Intel(R) Core(TM) i7-8700,SECUENCIAL,DDR4,HDD
57.912433,3000,1,2023-07-15 19:47:39.731,2023-07-15 19:48:37.643,642816.0,4.0,7.88524590163933,8.4,45015.29344262295,46600.0,3849.917131147541,4099.94,Intel(R) Core(TM) i7-8700,SECUENCIAL,DDR4,HDD
22.170567,3000,2,2023-07-15 19:48:37.643,2023-07-15 19:48:59.814,765684.0,4.0,7.731372549019604,8.4,47841.81960784314,48266.7,3826.1494117647057,4007.16,Intel(R) Core(TM) i7-8700,SECUENCIAL,DDR4,HDD
18.437807,3000,3,2023-07-15 19:48:59.814,2023-07-15 19:49:18.252,801036.0,5.0,7.400000000000001,8.4,47996.81666666667,48933.3,3822.088571428571,4124.62,Intel(R) Core(TM) i7-8700,SECUENCIAL,DDR4,HDD
57.531482,3000,1,2023-07-15 19:49:18.252,2023-07-15 19:50:15.783,683920.0,4.0,7.986821705426339,8.4,46271.83643410855,47266.7,3831.546434108526,4030.53,Intel(R) Core(TM) i7-8700,SECUENCIAL,DDR4,HDD
22.15888,3000,2,2023-07-15 19:50:15.783,2023-07-15 19:50:37.942,765036.0,4.0,7.751020408163262,8.4,48967.34897959185,49600.0,3838.388367346938,4105.8,Intel(R) Core(TM) i7-8700,SECUENCIAL,DDR4,HDD
18.431411,3000,3,2023-07-15 19:50:37.942,2023-07-15 19:50:56.373,801036.0,5.0,7.695454545454543,8.4,49153.03636363636,49933.3,3866.787272727274,4064.29,Intel(R) Core(TM) i7-8700,SECUENCIAL,DDR4,HDD
121.631595,3500,1,2023-07-15 19:50:56.426,2023-07-15 19:52:58.058,862528.0,5.0,7.923364485981323,8.4,47794.69766355138,49266.7,3830.191448598129,4009.25,Intel(R) Core(TM) i7-8700,SECUENCIAL,DDR4,HDD
34.030784,3500,2,2023-07-15 19:52:58.058,2023-07-15 19:53:32.088,1031192.0,6.0,7.892405063291129,8.4,50224.482278481046,50933.3,3849.2496202531647,4087.7,Intel(R) Core(TM) i7-8700,SECUENCIAL,DDR4,HDD
122.494633,3500,1,2023-07-15 19:53:32.088,2023-07-15 19:55:34.583,862812.0,5.0,7.932222222222245,8.4,48597.534444444485,49933.3,3810.399703703704,4133.46,Intel(R) Core(TM) i7-8700,SECUENCIAL,DDR4,HDD
33.925023,3500,2,2023-07-15 19:55:34.583,2023-07-15 19:56:08.508,1023304.0,6.0,7.814666666666658,8.4,50831.11200000001,51266.7,3808.962,3994.29,Intel(R) Core(TM) i7-8700,SECUENCIAL,DDR4,HDD
198.913144,4000,1,2023-07-15 19:56:08.591,2023-07-15 19:59:27.504,1114588.0,6.0,7.941411764705938,8.4,48768.62447058826,50600.0,3825.478305882352,4031.94,Intel(R) Core(TM) i7-8700,SECUENCIAL,DDR4,HDD
56.056862,4000,2,2023-07-15 19:59:27.504,2023-07-15 20:00:23.561,1318308.0,8.0,7.732231404958664,8.4,50283.19338842974,51266.7,3812.935041322316,4092.64,Intel(R) Core(TM) i7-8700,SECUENCIAL,DDR4,HDD
43.043644,4000,3,2023-07-15 20:00:23.561,2023-07-15 20:01:06.605,1380464.0,8.0,7.634090909090901,8.4,51531.81249999999,52266.7,3820.7419318181824,4026.19,Intel(R) Core(TM) i7-8700,SECUENCIAL,DDR4,HDD
40.323669,4000,4,2023-07-15 20:01:06.605,2023-07-15 20:01:46.928,1396768.0,8.0,7.27407407407407,7.9,51386.0074074074,51933.3,3838.913209876544,4024.5,Intel(R) Core(TM) i7-8700,SECUENCIAL,DDR4,HDD
37.442552,4000,5,2023-07-15 20:01:46.928,2023-07-15 20:02:24.371,1400852.0,8.0,6.733750000000003,7.4,51449.998750000006,51933.3,3821.633625000001,4009.5,Intel(R) Core(TM) i7-8700,SECUENCIAL,DDR4,HDD
197.35997,4000,1,2023-07-15 20:02:24.371,2023-07-15 20:05:41.731,1641676.0,10.0,7.971631205673786,8.4,49205.21170212762,49933.3,3810.57975177305,4086.52,Intel(R) Core(TM) i7-8700,SECUENCIAL,DDR4,HDD
53.278043,4000,2,2023-07-15 20:05:41.731,2023-07-15 20:06:35.009,1641800.0,10.0,7.976229508196706,8.4,50649.18032786887,51933.3,3794.394344262295,4087.34,Intel(R) Core(TM) i7-8700,SECUENCIAL,DDR4,HDD
40.724796,4000,3,2023-07-15 20:06:35.009,2023-07-15 20:07:15.734,1641800.0,10.0,7.967368421052619,8.4,51866.65684210523,52600.0,3830.3629473684223,4139.53,Intel(R) Core(TM) i7-8700,SECUENCIAL,DDR4,HDD
35.560361,4000,4,2023-07-15 20:07:15.734,2023-07-15 20:07:51.294,1641800.0,10.0,7.958024691358016,8.4,51768.72222222223,52600.0,3802.565061728396,4023.59,Intel(R) Core(TM) i7-8700,SECUENCIAL,DDR4,HDD
36.975964,4000,5,2023-07-15 20:07:51.294,2023-07-15 20:08:28.270,1645756.0,10.0,6.912500000000002,7.4,51567.6013888889,52600.0,3834.161250000001,4020.99,Intel(R) Core(TM) i7-8700,SECUENCIAL,DDR4,HDD
306.576918,4500,1,2023-07-15 20:08:28.381,2023-07-15 20:13:34.958,1398584.0,8.0,7.967755102040881,8.4,49188.44244897954,50266.7,3816.410102040813,4113.26,Intel(R) Core(TM) i7-8700,SECUENCIAL,DDR4,HDD
89.064507,4500,2,2023-07-15 20:13:34.958,2023-07-15 20:15:04.023,1686600.0,10.0,7.875121951219526,8.4,50216.26243902437,51600.0,3796.832000000002,4012.41,Intel(R) Core(TM) i7-8700,SECUENCIAL,DDR4,HDD
308.312744,4500,1,2023-07-15 20:15:04.023,2023-07-15 20:20:12.335,1521240.0,9.0,7.96953748006381,8.5,49312.92440191383,50933.3,3819.856842105259,4110.36,Intel(R) Core(TM) i7-8700,SECUENCIAL,DDR4,HDD
88.616076,4500,2,2023-07-15 20:20:12.335,2023-07-15 20:21:40.951,1618248.0,10.0,7.832885906040262,8.4,49899.7744966443,51266.7,3827.678993288592,4022.52,Intel(R) Core(TM) i7-8700,SECUENCIAL,DDR4,HDD
0.846607,1000,1,2023-07-15 19:53:59.828,2023-07-15 19:54:00.674,86368.0,0.0,7.65,7.9,43100.0,44266.7,3867.235,3874.09,Intel(R) Core(TM) i7-8700,SECUENCIAL,DDR4,HDD
0.794304,1000,2,2023-07-15 19:54:00.674,2023-07-15 19:54:01.469,102796.0,0.0,7.4,7.4,43933.3,43933.3,3874.06,3933.56,Intel(R) Core(TM) i7-8700,SECUENCIAL,DDR4,HDD
0.728634,1000,3,2023-07-15 19:54:01.469,2023-07-15 19:54:02.197,106892.0,0.0,7.3,7.3,44600.0,44600.0,3853.46,3911.33,Intel(R) Core(TM) i7-8700,SECUENCIAL,DDR4,HDD
0.821215,1000,1,2023-07-15 19:54:02.197,2023-07-15 19:54:03.019,106704.0,0.0,7.9,7.9,44600.0,44600.0,3812.08,3812.08,Intel(R) Core(TM) i7-8700,SECUENCIAL,DDR4,HDD
0.71688,1000,2,2023-07-15 19:54:03.019,2023-07-15 19:54:03.735,106704.0,0.0,7.8,7.8,44266.7,44266.7,3852.1,3911.04,Intel(R) Core(TM) i7-8700,SECUENCIAL,DDR4,HDD
0.69128,1000,3,2023-07-15 19:54:03.735,2023-07-15 19:54:04.427,110660.0,0.0,6.8,6.8,44600.0,44600.0,3806.66,3806.66,Intel(R) Core(TM) i7-8700,SECUENCIAL,DDR4,HDD
2.984169,1500,1,2023-07-15 19:54:04.431,2023-07-15 19:54:07.415,194060.0,1.0,7.714285714285714,8.4,44504.77142857143,44600.0,3796.171428571429,3892.61,Intel(R) Core(TM) i7-8700,SECUENCIAL,DDR4,HDD
2.558034,1500,2,2023-07-15 19:54:07.415,2023-07-15 19:54:09.973,229452.0,1.0,7.779999999999999,7.9,44466.68000000001,44600.0,3804.980000000001,3899.07,Intel(R) Core(TM) i7-8700,SECUENCIAL,DDR4,HDD
2.985731,1500,1,2023-07-15 19:54:09.973,2023-07-15 19:54:12.959,189644.0,1.0,7.833333333333333,8.4,44488.88333333333,44933.3,3811.973333333333,4001.5,Intel(R) Core(TM) i7-8700,SECUENCIAL,DDR4,HDD
2.560137,1500,2,2023-07-15 19:54:12.959,2023-07-15 19:54:15.519,229452.0,1.0,7.540000000000001,8.4,44866.66,45266.7,3844.638,4008.94,Intel(R) Core(TM) i7-8700,SECUENCIAL,DDR4,HDD
7.844738,2000,1,2023-07-15 19:54:15.526,2023-07-15 19:54:23.371,323196.0,2.0,7.977777777777779,8.4,44174.066666666666,44600.0,3779.812777777778,3903.18,Intel(R) Core(TM) i7-8700,SECUENCIAL,DDR4,HDD
6.064819,2000,2,2023-07-15 19:54:23.371,2023-07-15 19:54:29.436,384792.0,2.0,7.707142857142857,8.4,45242.85,45933.3,3803.325714285714,4004.81,Intel(R) Core(TM) i7-8700,SECUENCIAL,DDR4,HDD
5.668867,2000,3,2023-07-15 19:54:29.436,2023-07-15 19:54:35.104,401092.0,2.0,7.053846153846153,7.9,45523.07692307692,45933.3,3800.321538461538,3918.1,Intel(R) Core(TM) i7-8700,SECUENCIAL,DDR4,HDD
5.247278,2000,4,2023-07-15 19:54:35.104,2023-07-15 19:54:40.352,405180.0,2.0,6.75,7.4,45433.32499999999,45933.3,3794.4725,3910.27,Intel(R) Core(TM) i7-8700,SECUENCIAL,DDR4,HDD
7.619244,2000,1,2023-07-15 19:54:40.352,2023-07-15 19:54:47.971,420492.0,2.0,7.970588235294119,8.4,44698.04705882352,45933.3,3814.745882352941,3996.66,Intel(R) Core(TM) i7-8700,SECUENCIAL,DDR4,HDD
5.76773,2000,2,2023-07-15 19:54:47.971,2023-07-15 19:54:53.739,420492.0,2.0,8.035714285714286,8.4,46195.235714285714,46933.3,3796.1192857142855,3900.85,Intel(R) Core(TM) i7-8700,SECUENCIAL,DDR4,HDD
5.051244,2000,3,2023-07-15 19:54:53.739,2023-07-15 19:54:58.790,420492.0,2.0,7.992307692307694,8.4,45779.4923076923,46266.7,3760.021538461539,3896.8,Intel(R) Core(TM) i7-8700,SECUENCIAL,DDR4,HDD
5.196601,2000,4,2023-07-15 19:54:58.790,2023-07-15 19:55:03.987,424448.0,2.0,7.023076923076922,7.8,45856.407692307694,46266.7,3773.4384615384615,3809.28,Intel(R) Core(TM) i7-8700,SECUENCIAL,DDR4,HDD
21.959234,2500,1,2023-07-15 19:55:03.998,2023-07-15 19:55:25.957,460760.0,2.0,7.907547169811318,8.4,44889.29811320755,45933.3,3800.4609433962255,3981.21,Intel(R) Core(TM) i7-8700,SECUENCIAL,DDR4,HDD
11.692998,2500,2,2023-07-15 19:55:25.957,2023-07-15 19:55:37.650,548508.0,3.0,7.6217391304347855,8.4,47092.76086956521,47600.0,3823.597826086957,4110.3,Intel(R) Core(TM) i7-8700,SECUENCIAL,DDR4,HDD
21.948509,2500,1,2023-07-15 19:55:37.650,2023-07-15 19:55:59.599,513584.0,3.0,7.931914893617023,8.4,45734.7425531915,46933.3,3791.914042553192,4126.04,Intel(R) Core(TM) i7-8700,SECUENCIAL,DDR4,HDD
11.699739,2500,2,2023-07-15 19:55:59.599,2023-07-15 19:56:11.298,548884.0,3.0,7.692307692307695,8.4,47715.36923076923,48266.7,3812.0742307692303,4004.62,Intel(R) Core(TM) i7-8700,SECUENCIAL,DDR4,HDD
58.874678,3000,1,2023-07-15 19:56:11.328,2023-07-15 19:57:10.203,642928.0,4.0,7.94919354838708,8.4,45661.824999999975,46933.3,3820.41379032258,4093.97,Intel(R) Core(TM) i7-8700,SECUENCIAL,DDR4,HDD
22.623313,3000,2,2023-07-15 19:57:10.203,2023-07-15 19:57:32.826,765512.0,4.0,7.821999999999996,8.4,48340.00200000001,48933.3,3828.541999999999,4168.99,Intel(R) Core(TM) i7-8700,SECUENCIAL,DDR4,HDD
18.457068,3000,3,2023-07-15 19:57:32.826,2023-07-15 19:57:51.283,801040.0,5.0,7.1974358974358985,8.4,48565.81538461539,49266.7,3824.167435897435,3974.88,Intel(R) Core(TM) i7-8700,SECUENCIAL,DDR4,HDD
57.829319,3000,1,2023-07-15 19:57:51.283,2023-07-15 19:58:49.112,643104.0,4.0,7.927067669172916,8.4,46808.01654135337,48600.0,3809.25030075188,4009.38,Intel(R) Core(TM) i7-8700,SECUENCIAL,DDR4,HDD
22.599075,3000,2,2023-07-15 19:58:49.112,2023-07-15 19:59:11.711,765624.0,4.0,7.706122448979591,8.4,49382.31836734694,49933.3,3825.40612244898,3999.25,Intel(R) Core(TM) i7-8700,SECUENCIAL,DDR4,HDD
18.350493,3000,3,2023-07-15 19:59:11.711,2023-07-15 19:59:30.062,801040.0,5.0,7.408333333333336,8.4,49581.475000000006,50266.7,3807.291111111111,4001.56,Intel(R) Core(TM) i7-8700,SECUENCIAL,DDR4,HDD
121.765419,3500,1,2023-07-15 19:59:30.112,2023-07-15 20:01:31.878,862684.0,5.0,7.951792828685279,8.4,48121.911155378446,48933.3,3839.184860557771,4128.43,Intel(R) Core(TM) i7-8700,SECUENCIAL,DDR4,HDD
34.446111,3500,2,2023-07-15 20:01:31.878,2023-07-15 20:02:06.324,1022768.0,6.0,7.7857142857142785,8.4,50509.08441558437,51266.7,3815.253376623377,4006.47,Intel(R) Core(TM) i7-8700,SECUENCIAL,DDR4,HDD
121.332345,3500,1,2023-07-15 20:02:06.324,2023-07-15 20:04:07.656,862496.0,5.0,7.945263157894749,8.5,49024.561052631536,49933.3,3810.4173684210527,4105.97,Intel(R) Core(TM) i7-8700,SECUENCIAL,DDR4,HDD
34.104927,3500,2,2023-07-15 20:04:07.656,2023-07-15 20:04:41.761,1021556.0,6.0,7.766037735849052,8.4,50933.32264150946,51600.0,3825.329245283018,3985.06,Intel(R) Core(TM) i7-8700,SECUENCIAL,DDR4,HDD
199.923564,4000,1,2023-07-15 20:04:41.839,2023-07-15 20:08:01.763,1114584.0,6.0,7.949877149877203,8.4,49215.07395577392,53266.7,3818.851179361183,4099.89,Intel(R) Core(TM) i7-8700,SECUENCIAL,DDR4,HDD
54.186698,4000,2,2023-07-15 20:08:01.763,2023-07-15 20:08:55.950,1271676.0,7.0,7.687499999999996,8.4,50568.74999999999,51933.3,3808.218125,4082.41,Intel(R) Core(TM) i7-8700,SECUENCIAL,DDR4,HDD
43.007282,4000,3,2023-07-15 20:08:55.950,2023-07-15 20:09:38.957,1380468.0,8.0,7.562068965517233,8.4,51803.0620689655,52600.0,3828.9222988505726,4012.99,Intel(R) Core(TM) i7-8700,SECUENCIAL,DDR4,HDD
40.563066,4000,4,2023-07-15 20:09:38.957,2023-07-15 20:10:19.520,1396772.0,8.0,7.036274509803911,7.9,51459.4725490196,52266.7,3802.838039215688,4005.86,Intel(R) Core(TM) i7-8700,SECUENCIAL,DDR4,HDD
37.250305,4000,5,2023-07-15 20:10:19.520,2023-07-15 20:10:56.770,1370232.0,8.0,6.824050632911392,7.8,51536.708860759485,52600.0,3821.485696202531,4028.38,Intel(R) Core(TM) i7-8700,SECUENCIAL,DDR4,HDD
198.150354,4000,1,2023-07-15 20:10:56.770,2023-07-15 20:14:14.921,1641680.0,10.0,7.954952076677357,8.4,49283.70958466447,49933.3,3814.4138658146953,4097.4,Intel(R) Core(TM) i7-8700,SECUENCIAL,DDR4,HDD
54.038173,4000,2,2023-07-15 20:14:14.921,2023-07-15 20:15:08.959,1641804.0,10.0,7.973228346456676,8.4,50644.61968503935,51600.0,3825.761811023623,4084.56,Intel(R) Core(TM) i7-8700,SECUENCIAL,DDR4,HDD
40.747558,4000,3,2023-07-15 20:15:08.959,2023-07-15 20:15:49.707,1641804.0,10.0,7.985858585858573,8.4,51778.45151515152,52600.0,3839.1892929292944,4087.42,Intel(R) Core(TM) i7-8700,SECUENCIAL,DDR4,HDD
35.610347,4000,4,2023-07-15 20:15:49.707,2023-07-15 20:16:25.317,1641804.0,10.0,7.980722891566256,8.4,51732.525301204805,52600.0,3822.0307228915663,4091.01,Intel(R) Core(TM) i7-8700,SECUENCIAL,DDR4,HDD
37.167942,4000,5,2023-07-15 20:16:25.317,2023-07-15 20:17:02.485,1645760.0,10.0,6.865853658536581,7.4,51604.06707317073,52266.7,3806.189634146343,3997.66,Intel(R) Core(TM) i7-8700,SECUENCIAL,DDR4,HDD
308.54327,4500,1,2023-07-15 20:17:02.596,2023-07-15 20:22:11.139,1503148.0,9.0,7.943275862068999,8.4,49329.312413793086,51933.3,3818.965655172413,4111.91,Intel(R) Core(TM) i7-8700,SECUENCIAL,DDR4,HDD
88.133056,4500,2,2023-07-15 20:22:11.139,2023-07-15 20:23:39.273,1651732.0,10.0,7.790076335877847,8.4,49974.04961832063,51266.7,3807.985648854961,3981.66,Intel(R) Core(TM) i7-8700,SECUENCIAL,DDR4,HDD
311.759604,4500,1,2023-07-15 20:23:39.273,2023-07-15 20:28:51.032,1423720.0,8.0,7.970468948035442,8.8,49151.33067173635,51266.7,3811.932724968312,4202.52,Intel(R) Core(TM) i7-8700,SECUENCIAL,DDR4,HDD
87.231113,4500,2,2023-07-15 20:28:51.032,2023-07-15 20:30:18.263,1647720.0,10.0,7.877391304347812,8.4,50121.739130434784,50933.3,3803.4292173913054,4116.13,Intel(R) Core(TM) i7-8700,SECUENCIAL,DDR4,HDD
1.115358,1000,1,2023-07-15 19:57:20.481,2023-07-15 19:57:21.597,86408.0,1.0,7.8,7.8,44500.0,46000.0,2714.2650000000003,2791.32,Intel(R) Core(TM) i7-3930K,SECUENCIAL,DDR3,HDD
0.818741,1000,2,2023-07-15 19:57:21.597,2023-07-15 19:57:22.416,102836.0,1.0,7.7,7.7,45000.0,45000.0,2743.36,2743.36,Intel(R) Core(TM) i7-3930K,SECUENCIAL,DDR3,HDD
0.745305,1000,3,2023-07-15 19:57:22.416,2023-07-15 19:57:23.161,106932.0,1.0,6.95,7.2,47000.0,48000.0,2852.225,3000.7,Intel(R) Core(TM) i7-3930K,SECUENCIAL,DDR3,HDD
1.070925,1000,1,2023-07-15 19:57:23.161,2023-07-15 19:57:24.232,106744.0,1.0,7.949999999999999,8.2,48000.0,48000.0,2907.69,2938.46,Intel(R) Core(TM) i7-3930K,SECUENCIAL,DDR3,HDD
0.738131,1000,2,2023-07-15 19:57:24.232,2023-07-15 19:57:24.970,106744.0,1.0,7.7,7.7,49000.0,49000.0,2744.58,2744.58,Intel(R) Core(TM) i7-3930K,SECUENCIAL,DDR3,HDD
0.710724,1000,3,2023-07-15 19:57:24.970,2023-07-15 19:57:25.681,110700.0,1.0,7.7,7.7,48000.0,48000.0,2920.76,2920.76,Intel(R) Core(TM) i7-3930K,SECUENCIAL,DDR3,HDD
19.041126,1500,1,2023-07-15 19:57:25.689,2023-07-15 19:57:44.730,194292.0,2.0,7.994736842105266,8.3,47157.89473684211,49000.0,2765.208421052632,3266.33,Intel(R) Core(TM) i7-3930K,SECUENCIAL,DDR3,HDD
2.650168,1500,2,2023-07-15 19:57:44.730,2023-07-15 19:57:47.380,229492.0,2.0,7.883333333333333,8.3,50166.66666666666,51000.0,2706.775,2824.82,Intel(R) Core(TM) i7-3930K,SECUENCIAL,DDR3,HDD
18.971164,1500,1,2023-07-15 19:57:47.380,2023-07-15 19:58:06.351,194256.0,2.0,7.995000000000003,8.4,48450.0,49000.0,2873.99875,3303.61,Intel(R) Core(TM) i7-3930K,SECUENCIAL,DDR3,HDD
2.649974,1500,2,2023-07-15 19:58:06.351,2023-07-15 19:58:09.001,229492.0,2.0,8.016666666666666,8.3,50833.333333333336,52000.0,2719.53,3023.23,Intel(R) Core(TM) i7-3930K,SECUENCIAL,DDR3,HDD
49.374385,2000,1,2023-07-15 19:58:09.017,2023-07-15 19:58:58.391,323584.0,4.0,8.028155339805819,8.3,48932.038834951454,50000.0,2765.282718446602,3174.97,Intel(R) Core(TM) i7-3930K,SECUENCIAL,DDR3,HDD
7.931055,2000,2,2023-07-15 19:58:58.391,2023-07-15 19:59:06.322,384832.0,4.0,7.81764705882353,8.3,52000.0,53000.0,2755.4647058823525,3012.77,Intel(R) Core(TM) i7-3930K,SECUENCIAL,DDR3,HDD
5.930268,2000,3,2023-07-15 19:59:06.322,2023-07-15 19:59:12.252,401132.0,5.0,7.290909090909093,7.7,52454.545454545456,54000.0,2747.04,3187.55,Intel(R) Core(TM) i7-3930K,SECUENCIAL,DDR3,HDD
5.45496,2000,4,2023-07-15 19:59:12.252,2023-07-15 19:59:17.707,420404.0,5.0,6.627272727272728,7.7,52454.545454545456,53000.0,2701.818181818182,2897.35,Intel(R) Core(TM) i7-3930K,SECUENCIAL,DDR3,HDD
49.227602,2000,1,2023-07-15 19:59:17.707,2023-07-15 20:00:06.935,420532.0,5.0,8.034408602150537,8.3,49548.3870967742,51000.0,2696.956666666666,3162.57,Intel(R) Core(TM) i7-3930K,SECUENCIAL,DDR3,HDD
7.633607,2000,2,2023-07-15 20:00:06.935,2023-07-15 20:00:14.569,420532.0,5.0,8.018749999999999,8.3,52437.5,53000.0,2836.7750000000005,3361.54,Intel(R) Core(TM) i7-3930K,SECUENCIAL,DDR3,HDD
5.267941,2000,3,2023-07-15 20:00:14.569,2023-07-15 20:00:19.837,420532.0,5.0,8.110000000000001,8.3,53000.0,54000.0,2736.67,2865.68,Intel(R) Core(TM) i7-3930K,SECUENCIAL,DDR3,HDD
5.359609,2000,4,2023-07-15 20:00:19.837,2023-07-15 20:00:25.196,424488.0,5.0,7.100000000000001,7.7,53250.0,54000.0,2740.7883333333334,2872.42,Intel(R) Core(TM) i7-3930K,SECUENCIAL,DDR3,HDD
98.681576,2500,1,2023-07-15 20:00:25.221,2023-07-15 20:02:03.902,519192.0,6.0,7.971323529411764,8.3,50213.23529411765,52000.0,2710.585735294117,3270.37,Intel(R) Core(TM) i7-3930K,SECUENCIAL,DDR3,HDD
60.995992,2500,2,2023-07-15 20:02:03.902,2023-07-15 20:03:04.898,550472.0,7.0,8.014912280701742,8.4,51000.0,52000.0,2804.672105263155,3190.58,Intel(R) Core(TM) i7-3930K,SECUENCIAL,DDR3,HDD
98.994733,2500,1,2023-07-15 20:03:04.898,2023-07-15 20:04:43.893,461248.0,5.0,8.048427672955969,8.3,51176.10062893082,52000.0,2777.45,3373.33,Intel(R) Core(TM) i7-3930K,SECUENCIAL,DDR3,HDD
61.186043,2500,2,2023-07-15 20:04:43.893,2023-07-15 20:05:45.079,550544.0,7.0,7.982835820895508,8.4,51410.44776119403,53000.0,2719.281417910449,3168.96,Intel(R) Core(TM) i7-3930K,SECUENCIAL,DDR3,HDD
176.233015,3000,1,2023-07-15 20:05:45.125,2023-07-15 20:08:41.358,643156.0,8.0,8.02413793103448,8.3,50050.15673981192,52000.0,2796.3294984326017,3271.39,Intel(R) Core(TM) i7-3930K,SECUENCIAL,DDR3,HDD
137.734977,3000,2,2023-07-15 20:08:41.358,2023-07-15 20:10:59.093,761132.0,9.0,7.978947368421031,8.7,49852.63157894737,51000.0,2797.1371578947374,3344.54,Intel(R) Core(TM) i7-3930K,SECUENCIAL,DDR3,HDD
18.960295,3000,3,2023-07-15 20:10:59.093,2023-07-15 20:11:18.053,801080.0,10.0,7.51111111111111,8.3,52722.22222222222,54000.0,2817.3272222222217,3067.73,Intel(R) Core(TM) i7-3930K,SECUENCIAL,DDR3,HDD
176.476383,3000,1,2023-07-15 20:11:18.053,2023-07-15 20:14:14.530,643228.0,8.0,8.01468354430379,8.3,50483.54430379747,52000.0,2781.2255189873454,3282.01,Intel(R) Core(TM) i7-3930K,SECUENCIAL,DDR3,HDD
138.655951,3000,2,2023-07-15 20:14:14.530,2023-07-15 20:16:33.186,765928.0,9.0,8.01428571428572,8.4,51146.10389610389,53000.0,2782.018019480521,3189.54,Intel(R) Core(TM) i7-3930K,SECUENCIAL,DDR3,HDD
19.153125,3000,3,2023-07-15 20:16:33.186,2023-07-15 20:16:52.339,798264.0,10.0,7.35121951219512,8.3,54243.90243902439,55000.0,2779.084146341464,3053.92,Intel(R) Core(TM) i7-3930K,SECUENCIAL,DDR3,HDD
306.235916,3500,1,2023-07-15 20:16:52.414,2023-07-15 20:21:58.649,862788.0,11.0,8.008955223880609,8.3,49961.62046908316,52000.0,2790.5217270788903,3270.2,Intel(R) Core(TM) i7-3930K,SECUENCIAL,DDR3,HDD
231.829769,3500,2,2023-07-15 20:21:58.649,2023-07-15 20:25:50.479,1023776.0,13.0,8.001839464883021,8.4,50443.14381270903,53000.0,2789.910033444817,3287.41,Intel(R) Core(TM) i7-3930K,SECUENCIAL,DDR3,HDD
301.094855,3500,1,2023-07-15 20:25:50.479,2023-07-15 20:30:51.574,862900.0,11.0,8.013487475915234,8.3,50279.383429672445,52000.0,2782.905722543353,3430.65,Intel(R) Core(TM) i7-3930K,SECUENCIAL,DDR3,HDD
231.502062,3500,2,2023-07-15 20:30:51.574,2023-07-15 20:34:43.076,1023908.0,13.0,8.00070671378099,8.4,49673.14487632509,51000.0,2781.616713780917,3323.09,Intel(R) Core(TM) i7-3930K,SECUENCIAL,DDR3,HDD
462.908303,4000,1,2023-07-15 20:34:43.183,2023-07-15 20:42:26.091,1114740.0,14.0,8.023047977422411,8.3,50597.36594543744,52000.0,2786.137168391348,3373.03,Intel(R) Core(TM) i7-3930K,SECUENCIAL,DDR3,HDD
346.463765,4000,2,2023-07-15 20:42:26.091,2023-07-15 20:48:12.555,1319436.0,17.0,8.007462686567242,8.3,50283.58208955224,52000.0,2766.424545454549,3479.68,Intel(R) Core(TM) i7-3930K,SECUENCIAL,DDR3,HDD
56.57462,4000,3,2023-07-15 20:48:12.555,2023-07-15 20:49:09.129,1380508.0,17.0,7.684962406015033,8.3,53819.54887218045,55000.0,2781.342105263159,3240.13,Intel(R) Core(TM) i7-3930K,SECUENCIAL,DDR3,HDD
42.46038,4000,4,2023-07-15 20:49:09.129,2023-07-15 20:49:51.590,1396812.0,18.0,7.240816326530617,8.3,54408.16326530613,56000.0,2813.00551020408,3197.49,Intel(R) Core(TM) i7-3930K,SECUENCIAL,DDR3,HDD
39.153562,4000,5,2023-07-15 20:49:51.590,2023-07-15 20:50:30.743,1400896.0,18.0,6.97666666666667,7.7,54677.77777777778,56000.0,2828.264777777777,3203.59,Intel(R) Core(TM) i7-3930K,SECUENCIAL,DDR3,HDD
462.947964,4000,1,2023-07-15 20:50:30.743,2023-07-15 20:58:13.691,1641720.0,21.0,8.046112600536183,8.8,50076.40750670241,53000.0,2788.1852680965167,3342.19,Intel(R) Core(TM) i7-3930K,SECUENCIAL,DDR3,HDD
343.189634,4000,2,2023-07-15 20:58:13.691,2023-07-15 21:03:56.881,1641844.0,21.0,8.042460317460364,8.4,50704.36507936508,52000.0,2771.417400793649,3355.15,Intel(R) Core(TM) i7-3930K,SECUENCIAL,DDR3,HDD
53.277375,4000,3,2023-07-15 21:03:56.881,2023-07-15 21:04:50.158,1641844.0,21.0,8.060869565217393,8.3,53086.95652173913,54000.0,2833.792608695652,3225.16,Intel(R) Core(TM) i7-3930K,SECUENCIAL,DDR3,HDD
37.472649,4000,4,2023-07-15 21:04:50.158,2023-07-15 21:05:27.631,1641844.0,21.0,8.024418604651164,8.5,52965.11627906977,54000.0,2788.6213953488373,3196.38,Intel(R) Core(TM) i7-3930K,SECUENCIAL,DDR3,HDD
38.910513,4000,5,2023-07-15 21:05:27.631,2023-07-15 21:06:06.542,1645800.0,21.0,7.0098901098901125,8.1,52505.494505494506,54000.0,2818.432417582417,3122.77,Intel(R) Core(TM) i7-3930K,SECUENCIAL,DDR3,HDD
681.651904,4500,1,2023-07-15 21:06:06.688,2023-07-15 21:17:28.340,1533784.0,19.0,8.02432634730539,8.8,49806.886227544914,53000.0,2800.563562874252,3405.18,Intel(R) Core(TM) i7-3930K,SECUENCIAL,DDR3,HDD
499.921578,4500,2,2023-07-15 21:17:28.340,2023-07-15 21:25:48.262,1651872.0,21.0,8.009727272727302,8.3,49680.90909090909,53000.0,2794.1146545454526,3352.49,Intel(R) Core(TM) i7-3930K,SECUENCIAL,DDR3,HDD
688.286287,4500,1,2023-07-15 21:25:48.262,2023-07-15 21:37:16.548,1397908.0,18.0,8.022027716994861,8.3,49867.25018234865,52000.0,2785.008854850471,3379.73,Intel(R) Core(TM) i7-3930K,SECUENCIAL,DDR3,HDD
500.611963,4500,2,2023-07-15 21:37:16.548,2023-07-15 21:45:37.160,1651188.0,21.0,8.015638575152064,8.7,50745.438748913984,54000.0,2766.8172893136352,3282.49,Intel(R) Core(TM) i7-3930K,SECUENCIAL,DDR3,HDD
